107	23	user_174	4	Cultural immersion on wheels	Stopping in remote villages provided authentic interactions with local families. Rice terrace landscapes were breathtaking, especially during sunrise. Traditional cooking classes using fresh market ingredients were educational. Traffic in cities was intense but manageable with experienced guides.	""2024-10-20T00:00:00.000Z""	""2025-06-12T20:53:22.060Z""	""2025-06-12T20:53:22.060Z""
108	23	user_1749623710002_lc0b3nz0o	4	Scenic routes and great food	The mountain passes offered spectacular views and challenging but safe riding. Vietnamese coffee culture was addictive - multiple stops daily for excellent coffee. Floating markets and Mekong Delta boat trips provided variety from road travel. Accommodation ranged from basic to charming.	""2024-09-25T00:00:00.000Z""	""2025-06-12T20:53:22.060Z""	""2025-06-12T20:53:22.060Z""
109	23	user_1749623799403_tnxksee7t	3	Challenging weather conditions	Monsoon rains made some riding days difficult and muddy. However, the lush green landscapes during rain season were incredibly beautiful. Indoor activities like museums and temples provided good alternatives. Waterproof gear was essential but provided by tour company.	""2024-08-10T00:00:00.000Z""	""2025-06-12T20:53:22.060Z""	""2025-06-12T20:53:22.060Z""
110	23	user_1749623835621_a130t3k0f	5	Perfect blend of adventure and culture	Each region offered distinct landscapes, cuisine, and cultural experiences. War history sites provided sobering educational context. Night markets and street food scenes were vibrant and delicious. Motorbike maintenance stops became cultural exchanges with local mechanics.	""2024-07-18T00:00:00.000Z""	""2025-06-12T20:53:22.060Z""	""2025-06-12T20:53:22.060Z""
111	24	user_1749624309712_vfu0k7zoy	5	Classic trek lived up to reputation	The four-day Inca Trail was physically challenging but incredibly rewarding. Archaeological sites along the route provided fascinating glimpses into Inca engineering. Reaching Machu Picchu through the Sun Gate at sunrise was an emotional highlight. Porter support was excellent and respectful.	""2024-06-12T00:00:00.000Z""	""2025-06-12T20:53:22.060Z""	""2025-06-12T20:53:22.060Z""
112	24	user_1749637478634_6ipp25oim	4	Well-organized trek with history	Daily archaeological site visits educated us about Inca civilization and Andean culture. Camping at high altitude was cold but manageable with provided equipment. Local guides shared traditional knowledge and folklore. Permit restrictions ensure smaller groups and better experience.	""2024-05-20T00:00:00.000Z""	""2025-06-12T20:53:22.060Z""	""2025-06-12T20:53:22.060Z""
113	24	user_1749724821468_chcoxx1oi	4	Altitude and weather challenges	Dead Woman's Pass at 4,215m was the most challenging part, but acclimatization days helped. Weather varied from hot valleys to cold mountain passes requiring layered clothing. Cloud forest sections were mystical and beautiful. Traditional Pachamanca earth oven dinner was delicious.	""2024-07-08T00:00:00.000Z""	""2025-06-12T20:53:22.060Z""	""2025-06-12T20:53:22.060Z""
114	24	user_175	3	Crowded during peak season	June is peak season with full permit allocation making campsites busy. However, the trail infrastructure and guide organization managed crowds well. Early morning starts provided quieter trail sections. Booking 6 months in advance is essential for preferred dates.	""2024-06-25T00:00:00.000Z""	""2025-06-12T20:53:22.060Z""	""2025-06-12T20:53:22.060Z""
115	24	user_176	5	Spiritual and physical journey	The combination of physical challenge, cultural education, and spiritual connection with ancient civilization was transformative. Coca leaf ceremonies and traditional blessings added authentic cultural elements. Photography opportunities at every ancient site and scenic viewpoint.	""2024-08-15T00:00:00.000Z""	""2025-06-12T20:53:22.060Z""	""2025-06-12T20:53:22.060Z""
116	25	user_177	5	Magical arctic experience	Staying in glass igloos under the aurora borealis was absolutely magical. We saw northern lights on 5 out of 7 nights with spectacular displays. Husky sledding through snowy forests felt like arctic adventure. Reindeer farm visits provided cultural education about Sami traditions.	""2024-02-18T00:00:00.000Z""	""2025-06-12T20:53:22.060Z""	""2025-06-12T20:53:22.060Z""
13	3	user_022	3	Weather dependent experience	Unfortunately, we had several foggy days that obscured the mountain views. The indoor activities like visiting chocolate factories and cheese farms were enjoyable alternatives. The train rides through the Alps were scenic even in cloudy weather. Better planning for weather contingencies needed.	""2024-06-10T00:00:00.000Z""	""2025-06-12T20:49:42.160Z""	""2025-06-12T20:49:42.160Z""
14	3	user_023	5	Perfect summer adventure	Every day brought new spectacular views and exciting trails. The Via Ferrata climbing was an adrenaline rush with incredible safety measures. Local guides shared fascinating stories about mountaineering history. The alpine lakes were perfect for a refreshing swim after hiking.	""2024-07-25T00:00:00.000Z""	""2025-06-12T20:49:42.160Z""	""2025-06-12T20:49:42.160Z""
15	3	user_024	4	Great for families	The easier trail options made it accessible for our teenagers. The cogwheel train to Jungfraujoch was a highlight - the views from ""Top of Europe"" were unforgettable. The glacier cave and ice palace were fascinating. Good mix of adventure and cultural experiences.	""2024-08-05T00:00:00.000Z""	""2025-06-12T20:49:42.160Z""	""2025-06-12T20:49:42.160Z""
16	4	user_025	5	Stunning wilderness experience	The glacial lakes like Lake Louise and Moraine Lake are impossibly blue and beautiful. Wildlife viewing was incredible - we spotted grizzly bears, elk, and mountain goats. The hiking trails offered varying difficulty levels with rewarding summit views. Banff townsite had excellent restaurants and shops.	""2024-09-10T00:00:00.000Z""	""2025-06-12T20:50:11.914Z""	""2025-06-12T20:50:11.914Z""
17	4	user_026	4	Great for outdoor lovers	The Icefields Parkway drive is one of the most scenic routes I've ever taken. Columbia Icefield glacier walk was educational and sobering about climate change. Camping under the stars with minimal light pollution was magical. Weather can change quickly, so pack layers.	""2024-08-15T00:00:00.000Z""	""2025-06-12T20:50:11.914Z""	""2025-06-12T20:50:11.914Z""
18	4	user_027	5	Photography paradise	Every turn offered a new postcard-worthy view. The early morning light on the mountain peaks was spectacular. Our guide knew the best spots for wildlife photography and sunrise shots. The gondola rides provided aerial perspectives that were breathtaking. A must for nature photographers.	""2024-07-20T00:00:00.000Z""	""2025-06-12T20:50:11.914Z""	""2025-06-12T20:50:11.914Z""
19	4	user_028	3	Busy during peak season	The major attractions were very crowded in July, making parking difficult and trails congested. Despite the crowds, the natural beauty is undeniable. We found some quieter trails off the beaten path that were equally stunning. Book accommodations well in advance.	""2024-07-15T00:00:00.000Z""	""2025-06-12T20:50:11.914Z""	""2025-06-12T20:50:11.914Z""
20	4	user_029	4	Well-organized adventure	The tour included perfect mix of adventure activities like white-water rafting and peaceful moments like canoeing on mirror-still lakes. Our guides were knowledgeable about geology and local history. The mountain lodge accommodations were rustic but comfortable with great food.	""2024-09-05T00:00:00.000Z""	""2025-06-12T20:50:11.914Z""	""2025-06-12T20:50:11.914Z""
121	26	user_182	5	Dramatic mountain landscapes	The iconic Torres del Paine towers are even more spectacular in person. Hiking the W Circuit provided varied landscapes from glacial lakes to granite peaks. Wildlife sightings included guanacos, condors, and even a puma. Weather changes rapidly requiring flexible planning and good gear.	""2024-12-10T00:00:00.000Z""	""2025-06-12T20:53:50.966Z""	""2025-06-12T20:53:50.966Z""
122	26	user_183	4	Challenging but rewarding trek	The hiking was more difficult than expected with strong Patagonian winds, but the scenery was incredible. Refugio accommodations were basic but comfortable. Glacier Grey boat tour provided close-up views of massive ice formations. Photography opportunities at every viewpoint.	""2024-11-25T00:00:00.000Z""	""2025-06-12T20:53:50.966Z""	""2025-06-12T20:53:50.966Z""
123	26	user_184	4	Remote wilderness experience	The sense of being at the end of the world in pristine wilderness was profound. Long travel days to reach the park were worth it for the dramatic landscapes. Local guides shared knowledge about geology and ecology. Weather gear was essential for unpredictable conditions.	""2024-10-15T00:00:00.000Z""	""2025-06-12T20:53:50.966Z""	""2025-06-12T20:53:50.966Z""
124	26	user_185	3	Weather challenges	Strong winds and rain affected several planned activities. However, when weather cleared, the views were absolutely stunning. Indoor time at visitor centers provided educational content about park conservation. Better weather contingency planning would improve the experience.	""2024-09-20T00:00:00.000Z""	""2025-06-12T20:53:50.966Z""	""2025-06-12T20:53:50.966Z""
125	26	user_186	5	World-class hiking destination	Every trail offered unique perspectives of the granite towers and turquoise lakes. The variety of difficulty levels accommodated different fitness levels. Sunrise and sunset colors on the mountains were spectacular. Well-maintained trail infrastructure despite remote location.	""2024-01-08T00:00:00.000Z""	""2025-06-12T20:53:50.966Z""	""2025-06-12T20:53:50.966Z""
126	27	user_187	5	Archaeological masterpiece	The scale and detail of Angkor Wat is overwhelming - every surface covered in intricate carvings telling ancient stories. Sunrise over the temple complex was magical with perfect reflections in the moat. Local guides brought the history and Hindu mythology to life with expert knowledge.	""2024-03-15T00:00:00.000Z""	""2025-06-12T20:53:50.966Z""	""2025-06-12T20:53:50.966Z""
127	27	user_188	4	Temple hopping adventure	Three days exploring different temples revealed the variety of Khmer architecture and art. Ta Prohm with tree roots growing through structures was particularly atmospheric. Bayon temple with its many faces was mystical. Bicycle tours between temples were fun and efficient.	""2024-02-20T00:00:00.000Z""	""2025-06-12T20:53:50.966Z""	""2025-06-12T20:53:50.966Z""
128	27	user_189	4	Hot but incredible	The heat and humidity were intense, making early morning and late afternoon visits essential. The temple complex is vast requiring multiple days to see highlights. Traditional Apsara dance performances provided cultural context for temple reliefs. Local markets offered beautiful handicrafts.	""2024-01-25T00:00:00.000Z""	""2025-06-12T20:53:50.966Z""	""2025-06-12T20:53:50.966Z""
130	27	user_191	3	Crowded during peak season	Popular temples were very busy with tour groups, especially during sunrise at Angkor Wat. However, lesser-known temples provided peaceful exploration opportunities. The temple pass system worked well for multiple day visits. Early starts essential for crowd avoidance.	""2024-12-22T00:00:00.000Z""	""2025-06-12T20:53:50.966Z""	""2025-06-12T20:53:50.966Z""
131	28	user_192	5	Perfect cultural immersion	Staying in traditional villages provided authentic insights into Balinese daily life. Rice terrace walks through Jatiluwih were stunning with layers of green extending to the horizon. Traditional cooking classes using family recipes were delicious and educational. Hindu temple ceremonies were spiritually moving.	""2024-07-18T00:00:00.000Z""	""2025-06-12T20:53:50.966Z""	""2025-06-12T20:53:50.966Z""
132	28	user_193	4	Spiritual and artistic journey	Ubud's art galleries and workshops showcased incredible local talent in painting, wood carving, and silver jewelry. Yoga and meditation sessions in tropical settings were peaceful. Traditional massage and spa treatments using local ingredients were rejuvenating. Gamelan music performances were captivating.	""2024-08-25T00:00:00.000Z""	""2025-06-12T20:53:50.966Z""	""2025-06-12T20:53:50.966Z""
133	28	user_194	4	Beautiful landscapes and culture	Volcano treks to Mount Batur for sunrise were challenging but rewarding. Traditional markets bursting with tropical fruits, spices, and handicrafts were sensory overloads. Beach time in quieter areas provided relaxation between cultural activities. Balinese hospitality was warm and genuine.	""2024-06-12T00:00:00.000Z""	""2025-06-12T20:53:50.966Z""	""2025-06-12T20:53:50.966Z""
134	28	user_195	3	Tourist development impacts	Some areas were heavily developed with tourist infrastructure affecting authenticity. However, rural village experiences maintained traditional character. Traffic congestion in popular areas was challenging. Early morning activities avoided crowds and provided better cultural experiences.	""2024-09-08T00:00:00.000Z""	""2025-06-12T20:53:50.966Z""	""2025-06-12T20:53:50.966Z""
135	28	user_196	5	Artistic and spiritual paradise	The integration of art, spirituality, and daily life in Balinese culture was fascinating. Traditional textile weaving demonstrations showed incredible skill and patience. Temple festivals with elaborate decorations and ceremonies were colorful and joyful. Photography opportunities at every turn.	""2024-05-20T00:00:00.000Z""	""2025-06-12T20:53:50.966Z""	""2025-06-12T20:53:50.966Z""
136	29	user_197	5	Coffee lover's paradise	Learning about coffee cultivation from bean to cup was fascinating. Traditional fincas (coffee farms) provided authentic experiences with family-run operations. The mountain landscapes covered in coffee plants were beautiful. Tasting sessions revealed complex flavors I'd never noticed before. Local hospitality was exceptional.	""2024-10-15T00:00:00.000Z""	""2025-06-12T20:54:19.723Z""	""2025-06-12T20:54:19.723Z""
137	29	user_198	4	Educational and scenic	Hands-on coffee picking and processing gave new appreciation for coffee production labor. Traditional architecture in Salento with colorful buildings was charming. Cocora Valley with towering wax palms was surreal and beautiful. Local cuisine paired perfectly with coffee tastings throughout the day.	""2024-09-20T00:00:00.000Z""	""2025-06-12T20:54:19.723Z""	""2025-06-12T20:54:19.723Z""
143	30	user_204	4	Adventure and history combined	ATV tours through valleys provided exciting ways to explore remote areas. Sunset viewpoints offered spectacular photography opportunities. Traditional cave hotels were unique accommodations with modern comfort. Local cuisine featured delicious regional specialties and Turkish hospitality.	""2024-06-10T00:00:00.000Z""	""2025-06-12T20:54:19.723Z""	""2025-06-12T20:54:19.723Z""
144	30	user_205	3	Weather dependent activities	Strong winds cancelled our balloon flight on the first attempt, but the second day was perfect. Alternative activities like underground city tours were fascinating backup options. When ballooning did happen, it exceeded all expectations. Weather monitoring is careful for safety.	""2024-03-15T00:00:00.000Z""	""2025-06-12T20:54:19.723Z""	""2025-06-12T20:54:19.723Z""
145	30	user_206	5	Photographer's dream destination	Every angle provided unique compositions with dramatic rock formations and cave dwellings. Sunrise and sunset lighting transformed the landscape completely. Traditional carpet weaving demonstrations were colorful and skillful. Night photography of illuminated fairy chimneys was spectacular.	""2024-09-28T00:00:00.000Z""	""2025-06-12T20:54:19.723Z""	""2025-06-12T20:54:19.723Z""
156	34	user_217	5	Two incredible ecosystems	Combining Amazon rainforest and Galápagos islands provided contrasting but equally amazing wildlife experiences. Amazon lodge stay revealed incredible biodiversity with expert naturalist guides. Galápagos animals showing no fear of humans created unique photo opportunities. Conservation education was inspiring.	""2024-01-20T00:00:00.000Z""	""2025-06-12T20:54:57.258Z""	""2025-06-12T20:54:57.258Z""
157	34	user_218	5	Evolution in action	Seeing Darwin's finches and giant tortoises in their natural habitat was educational and moving. Amazon night sounds and dawn chorus were incredible natural symphonies. Snorkeling with sea lions and marine iguanas was surreal. Each island revealed unique endemic species.	""2024-02-15T00:00:00.000Z""	""2025-06-12T20:54:57.258Z""	""2025-06-12T20:54:57.258Z""
158	34	user_219	4	Research and conservation focus	Meeting researchers and learning about ongoing conservation efforts added depth to wildlife viewing. Amazon canopy walks provided different perspectives on forest layers. Volcanic landscapes on Galápagos islands were dramatic and unique. Sustainable tourism practices were well-implemented.	""2024-03-10T00:00:00.000Z""	""2025-06-12T20:54:57.258Z""	""2025-06-12T20:54:57.258Z""
159	34	user_220	4	Logistics well-managed	Coordinating flights between mainland, Amazon, and islands was seamless with tour organization. Small group sizes ensured quality experiences and minimal environmental impact. Weather in both ecosystems required different gear but was well-communicated in advance. Educational value was exceptional.	""2024-11-25T00:00:00.000Z""	""2025-06-12T20:54:57.258Z""	""2025-06-12T20:54:57.258Z""
169	36	user_230	5	Conservation education highlight	Learning about reforestation projects and wildlife rehabilitation was inspiring. Sea turtle nesting sites provided incredible natural experiences with strict conservation protocols. Local communities benefiting from eco-tourism created positive impact stories. Night walks revealed completely different wildlife.	""2024-09-25T00:00:00.000Z""	""2025-06-12T20:54:57.258Z""	""2025-06-12T20:54:57.258Z""
170	36	user_231	3	Rainy season challenges	Heavy rains during our visit affected some outdoor activities and made trails muddy. However, the lush green landscapes during rain season were incredibly beautiful. Indoor activities like wildlife rescue center visits were excellent alternatives. Weather gear provided by tour company was essential.	""2024-05-18T00:00:00.000Z""	""2025-06-12T20:54:57.258Z""	""2025-06-12T20:54:57.258Z""
171	38	user_232	5	Electric urban adventure	Tokyo at night is a sensory overload in the best way - neon lights, bustling crowds, and incredible food scene. Robot restaurant show was quirky and entertaining. Late-night ramen shops and karaoke bars provided authentic Japanese nightlife experiences. Transportation system efficiency made night exploration easy.	""2024-11-12T00:00:00.000Z""	""2025-06-12T20:55:44.593Z""	""2025-06-12T20:55:44.593Z""
172	38	user_233	4	Modern culture immersion	Akihabara electronics district and anime culture were fascinating glimpses into modern Japanese obsessions. Night photography opportunities were endless with illuminated skyscrapers and street scenes. Traditional izakayas contrasted beautifully with modern entertainment districts. Language apps helped navigate interactions.	""2024-10-25T00:00:00.000Z""	""2025-06-12T20:55:44.593Z""	""2025-06-12T20:55:44.593Z""
173	38	user_234	4	Overwhelming but exciting	The pace and energy of Tokyo nightlife took adjustment but became addictive. Shibuya crossing at night with massive crowds and giant screens was iconic. Traditional and modern entertainment options provided variety. Local guides helped navigate complex subway system and cultural etiquette.	""2024-09-18T00:00:00.000Z""	""2025-06-12T20:55:44.593Z""	""2025-06-12T20:55:44.593Z""
174	38	user_235	5	Culinary night adventures	Street food tours through different districts revealed incredible variety and quality. Tsukiji market early morning experience after night activities was perfect timing. Traditional tea houses provided peaceful contrast to bustling entertainment areas. Every meal was a delicious adventure.	""2024-12-05T00:00:00.000Z""	""2025-06-12T20:55:44.593Z""	""2025-06-12T20:55:44.593Z""
175	38	user_236	3	Expensive nightlife	Entertainment and dining costs were very high, especially in popular districts like Ginza. However, convenience stores and local neighborhoods offered budget-friendly alternatives. The experience was worth the cost for special occasions. Advanced planning helped manage expenses while maximizing experiences.	""2024-08-15T00:00:00.000Z""	""2025-06-12T20:55:44.593Z""	""2025-06-12T20:55:44.593Z""
176	39	user_237	5	Pristine wilderness experience	The raw beauty of Patagonian landscapes exceeded all expectations. Glacier walks and ice cave explorations were otherworldly. Wildlife including penguins, whales, and condors provided incredible viewing opportunities. The sense of remoteness and pristine nature was profoundly moving.	""2024-01-15T00:00:00.000Z""	""2025-06-12T20:55:44.593Z""	""2025-06-12T20:55:44.593Z""
177	39	user_238	4	Challenging weather adds character	Patagonian winds are legendary and we experienced them fully, but they added drama to the landscape. When weather cleared, the mountain and glacier views were spectacular. Estancia stays provided authentic gaucho culture experiences. Traditional asado barbecues were delicious social events.	""2024-02-20T00:00:00.000Z""	""2025-06-12T20:55:44.593Z""	""2025-06-12T20:55:44.593Z""
1	1	user_010	5	Absolutely magical experience!	The cherry blossoms were in full bloom during our visit. Our guide was incredibly knowledgeable about Japanese culture and took us to hidden spots away from the crowds. The traditional tea ceremony was a highlight, and staying in a ryokan was unforgettable. Worth every penny!	""2024-04-15T00:00:00.000Z""	""2025-06-12T20:49:42.160Z""	""2025-06-12T20:49:42.160Z""
2	1	user_011	4	Beautiful but crowded	Tokyo during cherry blossom season is stunning, but be prepared for massive crowds at popular spots like Ueno Park. The food tours were excellent - we tried authentic ramen, sushi, and wagyu beef. Transportation was efficient but confusing at first. Overall a great cultural experience.	""2024-04-10T00:00:00.000Z""	""2025-06-12T20:49:42.160Z""	""2025-06-12T20:49:42.160Z""
3	1	user_012	5	Perfect timing and planning	The tour company timed everything perfectly with the sakura forecast. We visited Philosopher's Path in Kyoto, Chidorigafuchi in Tokyo, and several temple gardens. The bullet train experience was smooth, and our accommodations were clean and comfortable. Highly recommend!	""2024-04-20T00:00:00.000Z""	""2025-06-12T20:49:42.160Z""	""2025-06-12T20:49:42.160Z""
4	1	user_013	3	Weather was unpredictable	Unfortunately, we had several rainy days which affected our outdoor activities. The indoor experiences like museums and shopping were great, but we missed some of the outdoor cherry blossom viewing. The group size was larger than expected, making some activities feel rushed.	""2024-04-05T00:00:00.000Z""	""2025-06-12T20:49:42.160Z""	""2025-06-12T20:49:42.160Z""
129	27	user_190	5	Historical immersion	Learning about the Khmer Empire and Angkor's role as one of the world's largest cities was fascinating. Restoration work demonstrations showed the incredible effort to preserve these monuments. Photography workshops helped capture the best lighting and compositions.	""2024-04-10T00:00:00.000Z""	""2025-06-12T20:53:50.966Z""	""2025-06-12T20:53:50.966Z""
26	6	user_035	5	Bucket list achievement	The classic Inca Trail was challenging but incredibly rewarding. Each day brought new archaeological sites and stunning mountain scenery. Reaching Machu Picchu at sunrise through the Sun Gate was an emotional moment. Our porters and guides were exceptional, sharing deep knowledge of Inca history.	""2024-06-15T00:00:00.000Z""	""2025-06-12T20:50:11.914Z""	""2025-06-12T20:50:11.914Z""
27	6	user_036	4	Physically demanding but worth it	The altitude affected me more than expected, but the gradual acclimatization helped. Dead Woman's Pass was the most challenging part, but the views from the top were incredible. The archaeological sites along the trail provided context for the main event. Book permits well in advance.	""2024-05-20T00:00:00.000Z""	""2025-06-12T20:50:11.914Z""	""2025-06-12T20:50:11.914Z""
28	6	user_037	5	Incredible engineering marvel	The precision of Inca stonework at Machu Picchu is mind-blowing. Our guide explained the astronomical alignments and agricultural terraces in detail. The train ride through Sacred Valley was scenic and comfortable. The local communities we passed through maintained beautiful traditional crafts.	""2024-07-05T00:00:00.000Z""	""2025-06-12T20:50:11.914Z""	""2025-06-12T20:50:11.914Z""
29	6	user_038	3	Weather challenges	We encountered heavy rain on two days which made the trail muddy and slippery. The rubber boots provided by our outfitter were essential. Despite weather challenges, reaching Machu Picchu was still awe-inspiring. The cloud forest sections were mystical and beautiful.	""2024-04-10T00:00:00.000Z""	""2025-06-12T20:50:11.914Z""	""2025-06-12T20:50:11.914Z""
30	6	user_039	4	Cultural immersion highlight	Beyond the famous citadel, learning about Inca civilization, Quechua language, and Andean traditions was fascinating. The markets in Cusco offered beautiful textiles and handicrafts. Trying guinea pig and coca tea were interesting cultural experiences. Altitude sickness medication recommended.	""2024-06-25T00:00:00.000Z""	""2025-06-12T20:50:11.914Z""	""2025-06-12T20:50:11.914Z""
39	8	user_106	4	Great cultural immersion	Beyond the wall, exploring Beijing's hutongs and Forbidden City provided rich cultural context. The contrast between ancient architecture and modern city was fascinating. Local guides shared stories about daily life during different dynasties. Calligraphy lesson was a nice cultural touch.	""2024-05-10T00:00:00.000Z""	""2025-06-12T20:50:56.315Z""	""2025-06-12T20:50:56.315Z""
60	12	user_127	3	Expensive but beautiful	Norway is notoriously expensive and this was evident in food and accommodation costs. However, the natural beauty is unmatched. The organized tour provided good value compared to independent travel. Weather gear rental was essential and well-organized by the tour company.	""2024-05-15T00:00:00.000Z""	""2025-06-12T20:51:25.186Z""	""2025-06-12T20:51:25.186Z""
138	29	user_199	4	Cultural immersion through coffee	Meeting multi-generational coffee farming families shared personal stories of tradition and innovation. Horseback riding through plantations provided scenic transportation. Traditional markets offered incredible fresh fruits and regional specialties. Mountain weather was perfect for outdoor activities.	""2024-08-12T00:00:00.000Z""	""2025-06-12T20:54:19.723Z""	""2025-06-12T20:54:19.723Z""
139	29	user_200	5	Unexpected adventure activities	Zip-lining through coffee canopies provided adrenaline rush with beautiful views. River tubing and waterfall hikes added adventure to cultural experiences. Night walks revealed different wildlife in coffee forests. Traditional music and dance performances were authentic and enjoyable.	""2024-11-08T00:00:00.000Z""	""2025-06-12T20:54:19.723Z""	""2025-06-12T20:54:19.723Z""
140	29	user_201	4	Sustainable tourism model	Learning about fair trade practices and sustainable farming methods was educational. Community-based tourism projects showed positive impacts on local families. Butterfly farms and bird watching revealed biodiversity in coffee ecosystems. Accommodation in traditional fincas was comfortable and authentic.	""2024-07-25T00:00:00.000Z""	""2025-06-12T20:54:19.723Z""	""2025-06-12T20:54:19.723Z""
141	30	user_202	5	Magical balloon flight experience	Hot air ballooning over Cappadocia's fairy chimneys at sunrise was absolutely magical. The landscape looks like another planet with unique rock formations. Underground cities carved from volcanic rock were engineering marvels. Traditional Turkish hospitality made every interaction warm and welcoming.	""2024-04-18T00:00:00.000Z""	""2025-06-12T20:54:19.723Z""	""2025-06-12T20:54:19.723Z""
142	30	user_203	4	Unique geological landscapes	The rock-cut churches with Byzantine frescoes were remarkably well-preserved. Pottery workshops in Avanos demonstrated traditional techniques passed down generations. Valley hikes revealed hidden churches and pigeon houses carved into cliffs. Traditional Turkish baths were relaxing cultural experiences.	""2024-05-22T00:00:00.000Z""	""2025-06-12T20:54:19.723Z""	""2025-06-12T20:54:19.723Z""
52	11	user_119	4	Challenging but rewarding	The heat during the day was intense, but early morning and evening treks were perfectly timed. Learning about desert survival techniques and Berber culture was fascinating. Sandboarding down the dunes was surprisingly fun. The traditional tagine meals were delicious.	""2024-04-15T00:00:00.000Z""	""2025-06-12T20:51:25.186Z""	""2025-06-12T20:51:25.186Z""
53	11	user_120	4	Amazing photography opportunities	The play of light and shadow on the sand dunes created incredible photo opportunities. Sunrise and sunset colors were spectacular. The contrast between the harsh environment and the warmth of Berber hospitality was striking. Camel riding became comfortable after the first day.	""2024-02-10T00:00:00.000Z""	""2025-06-12T20:51:25.186Z""	""2025-06-12T20:51:25.186Z""
54	11	user_121	3	Sand gets everywhere	The desert is beautiful but sand infiltrated everything - clothes, food, equipment. The basic camping conditions were part of the authentic experience but challenging for comfort. However, the star-filled nights and peaceful mornings made the discomfort worthwhile.	""2024-01-25T00:00:00.000Z""	""2025-06-12T20:51:25.186Z""	""2025-06-12T20:51:25.186Z""
55	11	user_122	5	Spiritual desert journey	The meditation sessions at sunrise in the complete silence of the desert were transformative. Learning about nomadic lifestyle and traditional navigation by stars was educational. The hospitality of our Berber guides made us feel like family. A truly authentic cultural immersion.	""2024-05-08T00:00:00.000Z""	""2025-06-12T20:51:25.186Z""	""2025-06-12T20:51:25.186Z""
56	12	user_123	5	Breathtaking Norwegian scenery	The dramatic fjords with towering waterfalls and steep cliffs were absolutely stunning. The boat cruise through Geiranger and Nærøyfjord provided perfect viewing angles. Hiking to Preikestolen offered incredible views despite the challenging climb. Traditional Norwegian seafood was fresh and delicious.	""2024-06-18T00:00:00.000Z""	""2025-06-12T20:51:25.186Z""	""2025-06-12T20:51:25.186Z""
57	12	user_124	4	Spectacular natural beauty	Every turn revealed new dramatic landscapes. The train ride from Oslo through the mountains was scenic and comfortable. Staying in historic wooden hotels added charm. Weather was unpredictable with sudden rain, but that created dramatic lighting and rainbows over the fjords.	""2024-07-22T00:00:00.000Z""	""2025-06-12T20:51:25.186Z""	""2025-06-12T20:51:25.186Z""
58	12	user_125	4	Great for hiking enthusiasts	The variety of hiking trails from easy walks to challenging climbs suited all fitness levels. Trolltunga hike was demanding but the views were incredible. Local guides shared interesting geology and folklore. The midnight sun during summer created unique lighting for photography.	""2024-08-05T00:00:00.000Z""	""2025-06-12T20:51:25.186Z""	""2025-06-12T20:51:25.186Z""
59	12	user_126	5	Cruise and hike combination perfect	The mix of scenic cruising and active hiking provided varied perspectives of the landscape. Visiting small villages tucked into the fjords felt like stepping back in time. The salmon fishing experience was successful and the fresh-caught dinner was the best meal of the trip.	""2024-09-10T00:00:00.000Z""	""2025-06-12T20:51:25.186Z""	""2025-06-12T20:51:25.186Z""
146	31	user_207	5	Unique biodiversity hotspot	Madagascar's endemic species are incredible - lemurs, chameleons, and plants found nowhere else on Earth. Andasibe-Mantadia National Park provided excellent wildlife viewing with expert local guides. Baobab trees at sunset were iconic and photogenic. Traditional Malagasy culture was fascinating to learn about.	""2024-08-14T00:00:00.000Z""	""2025-06-12T20:54:19.723Z""	""2025-06-12T20:54:19.723Z""
147	31	user_208	4	Conservation education highlight	Learning about Madagascar's unique evolution and current conservation challenges was eye-opening. Night walks revealed nocturnal lemur species and other endemic animals. Traditional markets offered incredible vanilla, spices, and handicrafts. Local guides were passionate about wildlife protection.	""2024-07-20T00:00:00.000Z""	""2025-06-12T20:54:19.723Z""	""2025-06-12T20:54:19.723Z""
148	31	user_209	4	Remote wilderness experience	The sense of isolation and unique ecosystems made Madagascar feel like a lost world. Tsingy stone forests were challenging to navigate but absolutely unique landscapes. Whale watching season provided additional marine wildlife experiences. Infrastructure challenges required patience but added to authenticity.	""2024-09-12T00:00:00.000Z""	""2025-06-12T20:54:19.723Z""	""2025-06-12T20:54:19.723Z""
149	31	user_210	3	Challenging travel conditions	Road conditions and long travel days between parks were difficult but necessary to see diverse ecosystems. However, each destination revealed new endemic species and landscapes. Local accommodation was basic but clean. Worth the effort for unique wildlife experiences.	""2024-06-25T00:00:00.000Z""	""2025-06-12T20:54:19.723Z""	""2025-06-12T20:54:19.723Z""
150	31	user_211	5	Evolutionary showcase	Understanding Madagascar's separation from Africa and unique evolutionary path was fascinating. Lemur behavioral studies and research projects provided scientific insights. Traditional Malagasy spiritual beliefs about nature and ancestors were respectfully shared. Photography opportunities were endless.	""2024-10-30T00:00:00.000Z""	""2025-06-12T20:54:19.723Z""	""2025-06-12T20:54:19.723Z""
151	33	user_212	5	Emerald Isle perfection	The rolling green hills and ancient castles created storybook landscapes at every turn. Cliffs of Moher were dramatic and breathtaking despite typical Irish mist. Traditional pub sessions with live Irish music were authentic cultural highlights. Local hospitality and storytelling were legendary.	""2024-06-15T00:00:00.000Z""	""2025-06-12T20:54:57.258Z""	""2025-06-12T20:54:57.258Z""
152	33	user_213	4	Rich history and folklore	Castle tours revealed fascinating medieval history and architectural evolution. Ring of Kerry coastal drive provided spectacular ocean and mountain views. Traditional Irish cooking classes featured hearty comfort foods. Sheep dog demonstrations on working farms were entertaining and skillful.	""2024-07-20T00:00:00.000Z""	""2025-06-12T20:54:57.258Z""	""2025-06-12T20:54:57.258Z""
153	33	user_214	4	Charming villages and landscapes	Small villages with colorful houses and flower boxes were picture-perfect. Traditional craft workshops for wool spinning and pottery were hands-on cultural experiences. Guinness brewery tour was informative and delicious. Weather required flexible planning but added atmospheric charm.	""2024-08-10T00:00:00.000Z""	""2025-06-12T20:54:57.258Z""	""2025-06-12T20:54:57.258Z""
154	33	user_215	3	Rainy weather challenges	Typical Irish weather with frequent rain affected some outdoor activities. However, cozy pub sessions and indoor castle tours provided excellent alternatives. When sunshine appeared, the landscapes were absolutely magical. Waterproof gear was essential but provided cheerful Irish attitude.	""2024-05-25T00:00:00.000Z""	""2025-06-12T20:54:57.258Z""	""2025-06-12T20:54:57.258Z""
155	33	user_216	5	Cultural immersion through music	Traditional Irish music sessions in authentic pubs were magical - locals welcoming visitors to join songs and stories. Celtic history and mythology shared by local guides brought ancient sites to life. Whiskey distillery tours combined education with excellent tastings.	""2024-09-08T00:00:00.000Z""	""2025-06-12T20:54:57.258Z""	""2025-06-12T20:54:57.258Z""
65	13	user_132	5	Archaeological paradise	Each temple and tomb revealed new insights into ancient Egyptian civilization. The preservation of artifacts and artwork after thousands of years is remarkable. Our guide's knowledge of hieroglyphic translations made the experience educational beyond just sightseeing. Unforgettable journey through history.	""2024-05-12T00:00:00.000Z""	""2025-06-12T20:51:52.980Z""	""2025-06-12T20:51:52.980Z""
66	14	user_133	5	Ultimate trekking challenge	Reaching Everest Base Camp was the achievement of a lifetime. The views of the world's highest peaks were absolutely breathtaking. Sherpa culture and Buddhist monastery visits added spiritual depth to the physical challenge. Acclimatization days in Namche Bazaar were essential and enjoyable.	""2024-04-20T00:00:00.000Z""	""2025-06-12T20:51:52.980Z""	""2025-06-12T20:51:52.980Z""
67	14	user_134	4	Physically demanding but rewarding	The altitude affected me more than expected, but proper acclimatization and guide support got me through. Crossing suspension bridges over deep gorges was thrilling. Tea house accommodations were basic but the mountain hospitality was warm. Sunrise over Everest was unforgettable.	""2024-03-25T00:00:00.000Z""	""2025-06-12T20:51:52.980Z""	""2025-06-12T20:51:52.980Z""
68	14	user_135	4	Well-organized expedition	The support team handled all logistics perfectly, allowing us to focus on the trek. Weather windows were used effectively for the best mountain views. The yak caravans carrying supplies were fascinating to watch. Traditional dal bhat meals provided necessary energy for long hiking days.	""2024-05-05T00:00:00.000Z""	""2025-06-12T20:51:52.980Z""	""2025-06-12T20:51:52.980Z""
78	17	user_145	5	Culinary paradise	Every meal was a celebration of local ingredients and traditional recipes. Truffle hunting with trained dogs was fascinating and successful. The gelato in San Gimignano was the best I've ever tasted. Pasta making classes with Italian grandmothers were heartwarming cultural exchanges.	""2024-07-10T00:00:00.000Z""	""2025-06-12T20:52:23.096Z""	""2025-06-12T20:52:23.096Z""
79	17	user_146	4	Art and architecture immersion	The concentration of Renaissance masterpieces in such a small region is incredible. Private museum tours avoided crowds and provided expert commentary. Medieval hill towns like Siena maintained authentic charm. The thermal baths provided relaxing breaks between cultural activities.	""2024-06-25T00:00:00.000Z""	""2025-06-12T20:52:23.096Z""	""2025-06-12T20:52:23.096Z""
80	17	user_147	3	Crowded during peak season	Summer tourism made popular sites very busy and parking difficult. However, early morning visits and local guide recommendations found quieter gems. The heat was intense during midday, but air-conditioned wine cellars provided cool relief during tastings.	""2024-08-05T00:00:00.000Z""	""2025-06-12T20:52:23.096Z""	""2025-06-12T20:52:23.096Z""
160	34	user_221	3	Expensive but worthwhile	The cost for permits, flights, and specialized guides was high but reflected the unique and protected nature of both destinations. Value was evident in expert guiding and exclusive access to research stations. Budget carefully but don't miss this incredible natural heritage.	""2024-04-18T00:00:00.000Z""	""2025-06-12T20:54:57.258Z""	""2025-06-12T20:54:57.258Z""
161	35	user_222	4	Beautifully preserved medieval architecture	Krakow's Old Town and Wawel Castle were stunning examples of medieval and Renaissance architecture. Traditional Polish cuisine was hearty and delicious - pierogi and kielbasa exceeded expectations. Local guides shared complex history with passion and knowledge. Value for money was excellent.	""2024-05-12T00:00:00.000Z""	""2025-06-12T20:54:57.258Z""	""2025-06-12T20:54:57.258Z""
162	35	user_223	4	Rich cultural heritage	Auschwitz-Birkenau memorial visit was emotionally difficult but historically important. Traditional folk performances and craft demonstrations preserved cultural traditions beautifully. Salt mines with underground chapels carved from salt were unique and impressive. Local markets offered beautiful amber jewelry.	""2024-06-08T00:00:00.000Z""	""2025-06-12T20:54:57.258Z""	""2025-06-12T20:54:57.258Z""
163	35	user_224	5	Historical depth and beauty	Each medieval town revealed different aspects of Polish history from Teutonic Knights to Renaissance prosperity. Traditional wooden churches were architectural marvels. Local festivals during our visit added vibrant cultural celebrations. Photography opportunities in perfectly preserved town squares.	""2024-07-15T00:00:00.000Z""	""2025-06-12T20:54:57.258Z""	""2025-06-12T20:54:57.258Z""
164	35	user_225	3	Language barriers occasionally	English was less common in smaller towns, but gestures and translation apps helped communication. However, this added authenticity to the cultural experience. Traditional accommodation in historic buildings was charming but sometimes basic. Local hospitality overcame language challenges.	""2024-04-20T00:00:00.000Z""	""2025-06-12T20:54:57.258Z""	""2025-06-12T20:54:57.258Z""
165	35	user_226	4	Great combination of history and nature	Tatra Mountains provided excellent hiking between cultural city visits. Traditional highland culture in mountain villages was distinct and fascinating. Local vodka tastings and traditional toasts were fun cultural experiences. Excellent value destination with authentic cultural immersion.	""2024-08-22T00:00:00.000Z""	""2025-06-12T20:54:57.258Z""	""2025-06-12T20:54:57.258Z""
166	36	user_227	5	Biodiversity paradise	Costa Rica's commitment to conservation created incredible wildlife viewing opportunities. Zip-lining through cloud forests provided adrenaline rush with educational content. Volcano hikes and hot springs combined adventure with relaxation. Local guides were passionate about environmental protection and wildlife.	""2024-12-08T00:00:00.000Z""	""2025-06-12T20:54:57.258Z""	""2025-06-12T20:54:57.258Z""
167	36	user_228	4	Adventure activities galore	White-water rafting, canopy tours, and wildlife walks provided varied adventure experiences. Sloth and bird watching required patience but rewards were incredible sightings. Traditional coffee farm visits added cultural elements to nature focus. Sustainable tourism practices were evident throughout.	""2024-11-15T00:00:00.000Z""	""2025-06-12T20:54:57.258Z""	""2025-06-12T20:54:57.258Z""
168	36	user_229	4	Well-organized eco-tourism	National parks were well-maintained with excellent trail systems and knowledgeable guides. Wildlife photography opportunities were endless with patient guides helping with positioning. Traditional Costa Rican cuisine featured fresh local ingredients. Accommodation in eco-lodges was comfortable and environmentally conscious.	""2024-10-20T00:00:00.000Z""	""2025-06-12T20:54:57.258Z""	""2025-06-12T20:54:57.258Z""
91	20	user_158	5	Perfect spring timing	Seoul during cherry blossom season was absolutely beautiful. Yeouido Park and Namsan Tower provided spectacular viewing spots. The contrast between traditional palaces and modern skyscrapers created unique photo opportunities. Korean BBQ and street food were consistently delicious throughout our stay.	""2024-04-12T00:00:00.000Z""	""2025-06-12T20:52:52.662Z""	""2025-06-12T20:52:52.662Z""
92	20	user_159	4	Modern meets traditional	The efficiency of Seoul's subway system made exploring easy. Traditional hanbok rental for palace visits was fun and respectful. K-pop culture experiences and shopping in Myeongdong were exciting. Cherry blossoms at Bukchon Hanok Village provided perfect traditional backdrops.	""2024-04-18T00:00:00.000Z""	""2025-06-12T20:52:52.662Z""	""2025-06-12T20:52:52.662Z""
93	20	user_160	4	Great urban cherry blossoms	Unlike rural cherry blossom experiences, Seoul offered urban convenience with beautiful blooms. Night markets and 24-hour culture meant activities available at all hours. Korean spa experiences were relaxing and culturally interesting. Language barriers were minimal with helpful translation apps.	""2024-04-08T00:00:00.000Z""	""2025-06-12T20:52:52.662Z""	""2025-06-12T20:52:52.662Z""
94	20	user_161	3	Crowded during peak bloom	Popular cherry blossom spots were extremely crowded, making peaceful viewing difficult. However, early morning visits and local recommendations found quieter parks. Korean hospitality was warm and welcoming. Shopping and entertainment districts provided endless activities beyond sightseeing.	""2024-04-15T00:00:00.000Z""	""2025-06-12T20:52:52.662Z""	""2025-06-12T20:52:52.662Z""
95	20	user_162	5	Cultural immersion highlight	Temple stays and traditional tea ceremonies provided deep cultural understanding. The DMZ tour was historically educational and emotionally moving. Korean cooking classes taught authentic techniques and recipes. Night photography of illuminated cherry blossoms and city lights was spectacular.	""2024-04-20T00:00:00.000Z""	""2025-06-12T20:52:52.662Z""	""2025-06-12T20:52:52.662Z""
96	21	user_163	5	Witnessed nature's greatest spectacle	Seeing millions of wildebeest and zebras crossing rivers was absolutely incredible. The timing with the Great Migration was perfect - our guides knew exactly where to position for the best viewing. Predator sightings including lions, cheetahs, and crocodiles made every game drive exciting.	""2024-07-25T00:00:00.000Z""	""2025-06-12T20:52:52.662Z""	""2025-06-12T20:52:52.662Z""
97	21	user_164	5	Once in a lifetime experience	The scale of the migration is impossible to comprehend until witnessed firsthand. Hot air balloon safaris provided aerial perspectives of the endless herds. Camping in the bush with natural sounds was both thrilling and peaceful. Professional guides made wildlife tracking educational and successful.	""2024-08-10T00:00:00.000Z""	""2025-06-12T20:52:52.662Z""	""2025-06-12T20:52:52.662Z""
98	21	user_165	4	Amazing wildlife but dusty conditions	The concentration of animals during migration is unparalleled anywhere else. However, dusty roads and dry conditions made equipment protection important. River crossings were dramatic and emotional to witness. Mobile camping allowed us to follow the herds for optimal viewing.	""2024-06-15T00:00:00.000Z""	""2025-06-12T20:52:52.662Z""	""2025-06-12T20:52:52.662Z""
99	21	user_166	5	Conservation education included	Learning about ecosystem dynamics and conservation challenges added depth beyond just wildlife viewing. Anti-poaching efforts and community involvement were inspiring. Night drives revealed different nocturnal species. Traditional Maasai cultural experiences were respectful and educational.	""2024-09-05T00:00:00.000Z""	""2025-06-12T20:52:52.662Z""	""2025-06-12T20:52:52.662Z""
100	21	user_167	4	Well-organized safari logistics	The coordination required to follow migrating herds was impressive - guides communicated constantly for best positioning. Vehicle maintenance and supply logistics in remote areas were seamless. Photography opportunities were endless with patient guides helping with positioning and lighting.	""2024-07-12T00:00:00.000Z""	""2025-06-12T20:52:52.662Z""	""2025-06-12T20:52:52.662Z""
104	22	user_171	3	Unpredictable weather challenges	Rain cancelled some planned outdoor activities, but indoor alternatives like castle tours and whisky tastings were excellent backup options. When weather cleared, the dramatic lighting created spectacular photography opportunities. Waterproof gear was essential.	""2024-06-25T00:00:00.000Z""	""2025-06-12T20:52:52.662Z""	""2025-06-12T20:52:52.662Z""
105	22	user_172	5	Perfect hiking paradise	The variety of hiking trails from gentle loch walks to challenging Munro climbs suited all abilities. Wildlife spotting included red deer, golden eagles, and seals along the coast. Local guides shared geological knowledge and folklore that brought the landscape to life.	""2024-05-30T00:00:00.000Z""	""2025-06-12T20:52:52.662Z""	""2025-06-12T20:52:52.662Z""
106	23	user_173	5	Adventure of a lifetime	Riding through Vietnam's diverse landscapes from mountains to coast was thrilling. Ha Long Bay overnight cruise was stunning with limestone karsts and emerald waters. Local guides navigated chaotic traffic expertly while sharing cultural insights. Street food tours introduced incredible flavors and cooking techniques.	""2024-11-15T00:00:00.000Z""	""2025-06-12T20:53:22.060Z""	""2025-06-12T20:53:22.060Z""
117	25	user_178	4	Winter wonderland activities	Cross-country skiing and snowshoeing provided peaceful ways to explore the landscape. Ice hotel stay was a unique experience, though very cold. Traditional Finnish sauna followed by ice swimming was invigorating. Local guides shared folklore about northern lights and arctic survival.	""2024-01-25T00:00:00.000Z""	""2025-06-12T20:53:22.060Z""	""2025-06-12T20:53:22.060Z""
118	25	user_179	4	Aurora photography workshop included	Learning camera settings for northern lights photography was valuable. The remote location provided dark skies perfect for aurora viewing. Snowmobile tours accessed areas impossible by foot. Traditional Lappish cuisine featuring reindeer and arctic fish was surprisingly delicious.	""2024-03-10T00:00:00.000Z""	""2025-06-12T20:53:22.060Z""	""2025-06-12T20:53:22.060Z""
119	25	user_180	3	Weather dependent experience	Cloudy skies for three nights limited aurora viewing opportunities. However, winter activities like ice fishing and snow castle building were enjoyable alternatives. When auroras appeared, they were absolutely spectacular. Thermal clothing provided by tour company was essential.	""2024-12-20T00:00:00.000Z""	""2025-06-12T20:53:22.060Z""	""2025-06-12T20:53:22.060Z""
120	25	user_181	5	Cultural and natural immersion	Meeting indigenous Sami people and learning about their traditions was enlightening. Traditional storytelling around fires while waiting for auroras was magical. The extreme cold took adjustment but created unique experiences like ice sculptures and frozen waterfalls.	""2024-02-05T00:00:00.000Z""	""2025-06-12T20:53:22.060Z""	""2025-06-12T20:53:22.060Z""
178	39	user_239	4	Adventure activities paradise	Ice climbing, glacier trekking, and mountain hiking provided varied adventure challenges. Kayaking among icebergs was surreal and beautiful. Wildlife boat trips revealed marine ecosystems and bird colonies. Professional guides ensured safety while maximizing adventure opportunities.	""2024-03-12T00:00:00.000Z""	""2025-06-12T20:55:44.593Z""	""2025-06-12T20:55:44.593Z""
179	39	user_240	5	Photography expedition highlight	Every landscape provided dramatic compositions with mountains, glaciers, and wildlife. Sunrise and sunset lighting transformed scenes completely. Penguin colonies were entertaining and photogenic subjects. Aurora australis viewing was an unexpected bonus during clear nights.	""2024-12-28T00:00:00.000Z""	""2025-06-12T20:55:44.593Z""	""2025-06-12T20:55:44.593Z""
180	39	user_241	3	Remote logistics challenges	Getting to remote areas required long travel days and weather-dependent flights. However, the isolation ensured pristine experiences with minimal other tourists. Basic accommodation was part of the authentic wilderness experience. Advance planning essential for weather contingencies.	""2024-11-08T00:00:00.000Z""	""2025-06-12T20:55:44.593Z""	""2025-06-12T20:55:44.593Z""
181	40	user_242	5	Transformative spiritual journey	The combination of yoga, meditation, and Balinese spiritual traditions created a deeply healing experience. Traditional ceremonies with local priests provided authentic spiritual insights. Rice terrace morning walks and volcano sunrise treks connected mind and body with nature. Vegetarian cuisine was fresh and nourishing.	""2024-08-22T00:00:00.000Z""	""2025-06-12T20:55:44.593Z""	""2025-06-12T20:55:44.593Z""
5	1	user_014	4	Great introduction to Japan	As first-time visitors to Japan, this trip provided an excellent overview of the culture, food, and major attractions. The language barrier wasn't an issue with our guide. Mount Fuji views were spectacular on the clear day. Would love to return for a longer stay.	""2024-04-25T00:00:00.000Z""	""2025-06-12T20:49:42.160Z""	""2025-06-12T20:49:42.160Z""
6	2	user_015	5	Paradise on Earth	The overwater villa exceeded all expectations. Waking up to crystal clear waters and tropical fish beneath our feet was surreal. The spa treatments were world-class, and the private dining on the beach under the stars was romantic perfection. Staff attention to detail was impeccable.	""2024-02-14T00:00:00.000Z""	""2025-06-12T20:49:42.160Z""	""2025-06-12T20:49:42.160Z""
7	2	user_016	5	Honeymoon perfection	Every moment was magical from the seaplane transfer with stunning aerial views to the sunset cruise. The infinity pool seemed to blend with the ocean, and the underwater restaurant was an unforgettable experience. Snorkeling right off our deck revealed an incredible coral reef.	""2024-01-20T00:00:00.000Z""	""2025-06-12T20:49:42.160Z""	""2025-06-12T20:49:42.160Z""
8	2	user_017	4	Luxury comes at a price	Absolutely beautiful resort with top-notch amenities, but everything is extremely expensive. A simple cocktail costs $25+. The food quality was excellent, especially the fresh seafood, but portions were small for the price. The location and service make it worthwhile for special occasions.	""2024-03-10T00:00:00.000Z""	""2025-06-12T20:49:42.160Z""	""2025-06-12T20:49:42.160Z""
9	2	user_018	5	Best vacation ever	The marine life was incredible - we saw manta rays, whale sharks, and countless tropical fish species. The resort's marine biologist took us on educational snorkeling tours. The all-inclusive package was worth it, and the spa treatments using local ingredients were divine.	""2024-02-28T00:00:00.000Z""	""2025-06-12T20:49:42.160Z""	""2025-06-12T20:49:42.160Z""
10	2	user_019	4	Weather affected some activities	While most days were perfect, we had two days of rough weather that canceled our dolphin watching and fishing excursions. The resort handled it well by offering indoor activities and spa credits. The overwater massage pavilion was a unique experience we'll never forget.	""2024-01-15T00:00:00.000Z""	""2025-06-12T20:49:42.160Z""	""2025-06-12T20:49:42.160Z""
11	3	user_020	5	Hiking paradise	The mountain trails were well-marked and offered breathtaking views at every turn. The cable car rides provided access to incredible vantage points. Our guide was an expert on alpine flora and fauna. The mountain huts served hearty meals perfect after long hikes. Highly recommend for outdoor enthusiasts.	""2024-07-15T00:00:00.000Z""	""2025-06-12T20:49:42.160Z""	""2025-06-12T20:49:42.160Z""
12	3	user_021	4	Challenging but rewarding	Some of the hikes were more difficult than expected, but the scenery made every steep climb worth it. The Matterhorn views were spectacular on clear days. Accommodation in Zermatt was charming, and the fondue dinner was a perfect way to end each day. Great for experienced hikers.	""2024-08-20T00:00:00.000Z""	""2025-06-12T20:49:42.160Z""	""2025-06-12T20:49:42.160Z""
21	5	user_030	5	Witnessed the Great Migration	Seeing millions of wildebeest crossing the Mara River was absolutely incredible. Our guide's expertise helped us position perfectly for the best viewing and photography. The Big Five were all spotted within three days. Staying in the tented camp provided authentic sounds of the African bush at night.	""2024-08-20T00:00:00.000Z""	""2025-06-12T20:50:11.914Z""	""2025-06-12T20:50:11.914Z""
182	40	user_243	4	Peaceful retreat atmosphere	The retreat center location away from tourist areas provided tranquil environment for reflection. Daily yoga and meditation sessions were expertly guided. Traditional healing treatments using local herbs and techniques were rejuvenating. Cultural workshops on batik and cooking added creative elements.	""2024-07-15T00:00:00.000Z""	""2025-06-12T20:55:44.593Z""	""2025-06-12T20:55:44.593Z""
183	40	user_244	4	Holistic wellness approach	The program balanced physical activities, spiritual practices, and cultural immersion perfectly. Balinese massage and spa treatments were world-class. Organic garden tours and farm-to-table meals connected us with sustainable practices. Group dynamics created supportive community atmosphere.	""2024-09-10T00:00:00.000Z""	""2025-06-12T20:55:44.593Z""	""2025-06-12T20:55:44.593Z""
184	40	user_245	5	Life-changing mindfulness experience	Learning traditional Balinese meditation techniques from local masters was profound. Silent walking meditations through tropical forests were peaceful and grounding. Water blessing ceremonies at sacred springs felt spiritually cleansing. The retreat provided tools for continued practice at home.	""2024-06-18T00:00:00.000Z""	""2025-06-12T20:55:44.593Z""	""2025-06-12T20:55:44.593Z""
22	5	user_031	5	Life-changing experience	The diversity of wildlife exceeded all expectations. Watching a lioness hunt, elephants bathing, and giraffes gracefully moving across the savanna was mesmerizing. The Maasai village visit provided cultural insights and the traditional dancing was captivating. Conservation education was eye-opening.	""2024-09-15T00:00:00.000Z""	""2025-06-12T20:50:11.914Z""	""2025-06-12T20:50:11.914Z""
23	5	user_032	4	Amazing wildlife but rough roads	The game drives delivered incredible animal sightings including leopards, cheetahs, and rhinos. However, the roads in some areas were very bumpy and dusty. The long driving days were tiring but worth it for the remote locations with fewer tourists. Bring good camera equipment.	""2024-07-10T00:00:00.000Z""	""2025-06-12T20:50:11.914Z""	""2025-06-12T20:50:11.914Z""
24	5	user_033	5	Professional guides made the difference	Our guide's ability to track animals and predict behavior patterns was remarkable. We witnessed a cheetah hunt and cubs playing. The hot air balloon safari at sunrise provided a unique perspective of the vast landscape. Evening sundowners while watching elephants was magical.	""2024-08-25T00:00:00.000Z""	""2025-06-12T20:50:11.914Z""	""2025-06-12T20:50:11.914Z""
25	5	user_034	4	Great introduction to African wildlife	First safari experience and it was absolutely incredible. The variety of birds alone was amazing - over 100 species spotted. Night drives revealed different nocturnal animals. The camp's educational talks about conservation efforts were informative. Some long days but unforgettable memories.	""2024-09-30T00:00:00.000Z""	""2025-06-12T20:50:11.914Z""	""2025-06-12T20:50:11.914Z""
31	7	user_040	5	Northern Lights were spectacular!	We saw the aurora borealis on 4 out of 6 nights, with one display lasting over 3 hours. The glass igloo accommodation allowed us to watch from our bed. Ice hotel stay was a unique experience, and the reindeer sledding felt authentically Arctic. Hot chocolate by the fire was perfect after cold nights.	""2024-02-10T00:00:00.000Z""	""2025-06-12T20:50:56.315Z""	""2025-06-12T20:50:56.315Z""
32	7	user_041	3	Weather dependent adventure	Cloudy skies for most of our trip meant limited aurora viewing. The husky sledding and snowmobiling were excellent backup activities. The ice sculptures and snow castle were impressive. Guide knowledge about Sami culture was fascinating. Better luck with weather would have made this perfect.	""2024-01-25T00:00:00.000Z""	""2025-06-12T20:50:56.315Z""	""2025-06-12T20:50:56.315Z""
33	7	user_042	4	Magical winter wonderland	The landscape covered in snow was like a fairy tale. Cross-country skiing through silent forests was meditative. The traditional Sami dinner with storytelling around the fire was culturally enriching. Northern lights photography workshop helped capture the displays we did see.	""2024-03-05T00:00:00.000Z""	""2025-06-12T20:50:56.315Z""	""2025-06-12T20:50:56.315Z""
34	7	user_101	5	Best aurora display ever	The lights danced across the entire sky in brilliant greens and purples. Our guide found the perfect dark location away from light pollution. The thermal suits kept us warm during the long viewing sessions. Ice fishing and traditional cooking over open fire added authentic Arctic experiences.	""2024-02-20T00:00:00.000Z""	""2025-06-12T20:50:56.315Z""	""2025-06-12T20:50:56.315Z""
35	7	user_102	4	Unique Arctic adventure	Staying above the Arctic Circle was an adventure itself. The extreme cold took some adjustment, but the gear provided was excellent. Meeting the indigenous Sami people and learning about their reindeer herding traditions was enlightening. The midnight sun period would be interesting to experience too.	""2024-01-15T00:00:00.000Z""	""2025-06-12T20:50:56.315Z""	""2025-06-12T20:50:56.315Z""
36	8	user_103	4	Historical marvel with crowds	Walking along the Great Wall was awe-inspiring, thinking about the centuries of history beneath our feet. The Mutianyu section offered beautiful views and fewer tourists than Badaling. Climbing the steep sections was a workout, but cable car options were available. Beijing duck dinner was delicious.	""2024-10-15T00:00:00.000Z""	""2025-06-12T20:50:56.315Z""	""2025-06-12T20:50:56.315Z""
37	8	user_104	5	Engineering wonder of the world	The scale and craftsmanship of the wall is incredible to witness in person. Our guide explained the construction techniques and historical significance at each watchtower. The autumn colors in the surrounding mountains were spectacular. Hiking the wild sections felt like adventure travel.	""2024-09-20T00:00:00.000Z""	""2025-06-12T20:50:56.315Z""	""2025-06-12T20:50:56.315Z""
38	8	user_105	3	Overcrowded during Golden Week	Unfortunately our visit coincided with Chinese national holidays, making the wall extremely crowded. Long waits for cable cars and difficulty getting good photos. The wall itself is magnificent, but timing is crucial for a good experience. Early morning visits recommended.	""2024-10-02T00:00:00.000Z""	""2025-06-12T20:50:56.315Z""	""2025-06-12T20:50:56.315Z""
40	8	user_107	5	Sunrise hike was unforgettable	Starting our hike before dawn to watch sunrise over the Great Wall was magical. The early start meant we had sections almost to ourselves. The mist rolling over the mountains created a mystical atmosphere. Physical challenge was rewarded with incredible photo opportunities and sense of accomplishment.	""2024-04-25T00:00:00.000Z""	""2025-06-12T20:50:56.315Z""	""2025-06-12T20:50:56.315Z""
41	9	user_108	5	Uluru sunrise was spiritual	Watching the sun rise over Uluru/Ayers Rock was a deeply moving experience. The changing colors from deep purple to brilliant red were mesmerizing. Learning about Aboriginal culture and Dreamtime stories from indigenous guides provided profound cultural understanding. The desert night sky was spectacular.	""2024-06-15T00:00:00.000Z""	""2025-06-12T20:50:56.315Z""	""2025-06-12T20:50:56.315Z""
42	9	user_109	4	Vast landscapes and unique wildlife	The immensity of the outback is humbling - endless red earth and huge skies. Kangaroo and emu sightings were frequent. The camel trekking was a fun way to explore while learning about early explorers. Bush camping under millions of stars was an unforgettable experience.	""2024-07-20T00:00:00.000Z""	""2025-06-12T20:50:56.315Z""	""2025-06-12T20:50:56.315Z""
43	9	user_110	4	Hot but incredible	Summer temperatures were intense during the day, but early morning and evening activities were perfectly timed. The cooling swimming holes were a welcome relief. Flying over the landscape revealed patterns and formations invisible from ground level. Excellent photography opportunities.	""2024-01-10T00:00:00.000Z""	""2025-06-12T20:50:56.315Z""	""2025-06-12T20:50:56.315Z""
44	9	user_111	3	Challenging conditions	The heat and flies took some adjustment. Dusty conditions meant protecting camera equipment was important. However, the sense of remoteness and connection to ancient landscape was powerful. Aboriginal art workshops provided hands-on cultural learning. Better preparation for climate needed.	""2024-02-15T00:00:00.000Z""	""2025-06-12T20:50:56.315Z""	""2025-06-12T20:50:56.315Z""
45	9	user_112	5	Life-changing cultural experience	The Aboriginal guides shared knowledge passed down through tens of thousands of years. Bush tucker tasting and traditional hunting technique demonstrations were fascinating. The sound of didgeridoo echoing across the desert at sunset gave me goosebumps. Respectful cultural immersion.	""2024-08-05T00:00:00.000Z""	""2025-06-12T20:50:56.315Z""	""2025-06-12T20:50:56.315Z""
46	10	user_113	5	Incredible biodiversity	The variety of wildlife spotted was amazing - toucans, sloths, poison dart frogs, and pink dolphins. Our naturalist guide could identify bird calls and track animals expertly. Night sounds of the jungle were both exciting and slightly intimidating. Canopy zip-lining provided a unique treetop perspective.	""2024-11-10T00:00:00.000Z""	""2025-06-12T20:51:25.186Z""	""2025-06-12T20:51:25.186Z""
47	10	user_114	4	Educational and adventurous	Learning about medicinal plants from indigenous guides was fascinating. The shaman ceremony was a respectful cultural exchange. Piranha fishing was more challenging than expected. Sleeping in the jungle lodge with natural sounds was initially difficult but became magical.	""2024-10-20T00:00:00.000Z""	""2025-06-12T20:51:25.186Z""	""2025-06-12T20:51:25.186Z""
48	10	user_115	4	Humid but worth it	The humidity and insects took some adjustment, but the experience was incredible. River navigation by canoe felt like true exploration. Spotting jaguars was the highlight of our trip. The lodge accommodations were basic but comfortable with excellent local cuisine.	""2024-09-15T00:00:00.000Z""	""2025-06-12T20:51:25.186Z""	""2025-06-12T20:51:25.186Z""
49	10	user_116	5	Life-changing conservation experience	Seeing deforestation impacts firsthand was sobering but important. The reforestation projects we participated in felt meaningful. Bird watching at dawn revealed incredible species diversity. Swimming with dolphins in the river was an unexpected magical moment.	""2024-08-25T00:00:00.000Z""	""2025-06-12T20:51:25.186Z""	""2025-06-12T20:51:25.186Z""
50	10	user_117	3	Weather challenges	Heavy rains cancelled some planned activities and made hiking trails muddy and slippery. However, the rain also brought out different wildlife and created dramatic lighting for photography. The covered boat excursions continued as planned. Better weather contingency planning needed.	""2024-07-05T00:00:00.000Z""	""2025-06-12T20:51:25.186Z""	""2025-06-12T20:51:25.186Z""
51	11	user_118	5	Unforgettable desert experience	Camel trekking into the Sahara at sunset was like entering another world. The silence and vastness of the desert was profoundly moving. Sleeping under the clearest night sky I've ever seen was magical. Berber hospitality and traditional music around the campfire created lasting memories.	""2024-03-20T00:00:00.000Z""	""2025-06-12T20:51:25.186Z""	""2025-06-12T20:51:25.186Z""
61	13	user_128	5	Ancient wonders come alive	Standing before the Great Pyramid was awe-inspiring - the scale and precision of ancient engineering is mind-blowing. Our Egyptologist guide brought the hieroglyphs to life with fascinating stories. The Nile cruise provided a relaxing way to see multiple temples while enjoying traditional Egyptian hospitality.	""2024-03-15T00:00:00.000Z""	""2025-06-12T20:51:52.980Z""	""2025-06-12T20:51:52.980Z""
62	13	user_129	4	Historical immersion	Valley of the Kings tombs were incredibly well-preserved with vibrant wall paintings. The sound and light show at the pyramids was spectacular. Navigating the bustling Khan el-Khalili bazaar was an adventure in itself. Felucca sailing on the Nile at sunset was peaceful and romantic.	""2024-02-20T00:00:00.000Z""	""2025-06-12T20:51:52.980Z""	""2025-06-12T20:51:52.980Z""
63	13	user_130	4	Hot but fascinating	The desert heat was intense, but early morning and late afternoon site visits were perfectly timed. Abu Simbel temple was worth the early morning flight - the scale and artistry were incredible. Traditional Egyptian cuisine on the cruise ship was flavorful and varied.	""2024-01-10T00:00:00.000Z""	""2025-06-12T20:51:52.980Z""	""2025-06-12T20:51:52.980Z""
64	13	user_131	3	Crowded tourist sites	The major attractions were very busy with tour groups, making photography and peaceful contemplation challenging. However, the lesser-known sites our guide showed us were equally fascinating with fewer crowds. The persistent vendors required patience but bargaining was part of the cultural experience.	""2024-04-05T00:00:00.000Z""	""2025-06-12T20:51:52.980Z""	""2025-06-12T20:51:52.980Z""
69	14	user_136	3	Weather challenges	Cloud cover obscured mountain views for several days, which was disappointing after the long trek. However, when the clouds cleared, the panoramic views were spectacular. The prayer flag ceremony at base camp was a moving cultural experience. Better weather contingency planning needed.	""2024-10-15T00:00:00.000Z""	""2025-06-12T20:51:52.980Z""	""2025-06-12T20:51:52.980Z""
70	14	user_137	5	Life-changing adventure	The combination of physical challenge, cultural immersion, and spiritual experience was transformative. Meeting other trekkers from around the world created lasting friendships. The meditation sessions at Buddhist monasteries provided peaceful reflection during the demanding journey.	""2024-09-30T00:00:00.000Z""	""2025-06-12T20:51:52.980Z""	""2025-06-12T20:51:52.980Z""
71	16	user_138	5	Magical temple landscape	Watching sunrise over thousands of ancient temples from a hot air balloon was absolutely magical. The sheer number of pagodas stretching to the horizon is overwhelming. Local guides shared fascinating stories about different temple periods and architectural styles. Traditional lacquerware workshops were educational.	""2024-12-08T00:00:00.000Z""	""2025-06-12T20:51:52.980Z""	""2025-06-12T20:51:52.980Z""
72	16	user_139	4	Archaeological wonder	Cycling between temples allowed intimate exploration of this incredible site. Each temple had unique features and historical significance. The sunset viewing from temple terraces provided spectacular photography opportunities. Local Myanmar cuisine was flavorful and authentic with friendly service.	""2024-11-15T00:00:00.000Z""	""2025-06-12T20:51:52.980Z""	""2025-06-12T20:51:52.980Z""
73	16	user_140	4	Hot but incredible	The heat during midday was intense, but early morning and late afternoon temple visits were perfectly timed. The E-bike tours were a great way to cover more ground efficiently. Traditional puppet shows in the evening provided cultural entertainment after long days of exploration.	""2024-10-20T00:00:00.000Z""	""2025-06-12T20:51:52.980Z""	""2025-06-12T20:51:52.980Z""
74	16	user_141	5	Spiritual and historical journey	The active monasteries within the temple complex provided insight into living Buddhist traditions. Meditation sessions with monks were peaceful and enlightening. The traditional alms-giving ceremony at dawn was a moving cultural experience. Truly authentic spiritual immersion.	""2024-09-12T00:00:00.000Z""	""2025-06-12T20:51:52.980Z""	""2025-06-12T20:51:52.980Z""
75	16	user_142	3	Dusty but worthwhile	The dirt roads and dusty conditions made temple exploration challenging for equipment protection. However, the historical significance and architectural beauty made every discomfort worthwhile. Local markets offered beautiful traditional crafts and textiles. Better dust protection gear recommended.	""2024-08-25T00:00:00.000Z""	""2025-06-12T20:51:52.980Z""	""2025-06-12T20:51:52.980Z""
76	17	user_143	5	Perfect blend of wine and culture	The vineyard tours and tastings were exceptional - learning about Chianti production from family winemakers was authentic. Renaissance art in Florence was overwhelming in the best way. Cooking classes using local ingredients created delicious memories. Rolling hills countryside drives were incredibly scenic.	""2024-09-20T00:00:00.000Z""	""2025-06-12T20:52:23.096Z""	""2025-06-12T20:52:23.096Z""
77	17	user_144	4	Romantic and relaxing	Staying in converted farmhouses provided authentic rural Italian experience. Wine tastings paired with local cheeses and olive oils were heavenly. The pace was perfectly relaxed allowing time to savor each experience. Local markets offered incredible fresh produce and artisan products.	""2024-08-15T00:00:00.000Z""	""2025-06-12T20:52:23.096Z""	""2025-06-12T20:52:23.096Z""
81	18	user_148	5	Most beautiful sunsets ever	The famous Oia sunset lived up to all expectations - absolutely magical with dramatic colors reflecting off white buildings. Caldera views from our cliff-side hotel were spectacular. Wine tasting at volcanic soil vineyards produced unique flavors. Swimming in the Aegean was refreshing and clear.	""2024-08-20T00:00:00.000Z""	""2025-06-12T20:52:23.096Z""	""2025-06-12T20:52:23.096Z""
82	18	user_149	4	Picture-perfect Greek island	Every corner provided Instagram-worthy photo opportunities. The blue-domed churches against whitewashed buildings created iconic scenes. Donkey rides up from the port were fun but bumpy. Traditional Greek cuisine with fresh seafood was consistently excellent throughout the island.	""2024-07-15T00:00:00.000Z""	""2025-06-12T20:52:23.096Z""	""2025-06-12T20:52:23.096Z""
83	18	user_150	4	Romantic honeymoon destination	The intimate restaurants with caldera views provided perfect romantic dinners. Sailing trips around the island revealed hidden beaches and snorkeling spots. The volcanic hot springs were relaxing though quite crowded. Luxury accommodation prices reflected the premium location.	""2024-09-10T00:00:00.000Z""	""2025-06-12T20:52:23.096Z""	""2025-06-12T20:52:23.096Z""
84	18	user_151	3	Expensive and crowded	The beauty is undeniable but prices for food, drinks, and accommodation were very high. Cruise ship arrivals brought massive crowds to popular viewpoints. However, exploring early morning or late evening provided peaceful moments to enjoy the stunning scenery.	""2024-06-30T00:00:00.000Z""	""2025-06-12T20:52:23.096Z""	""2025-06-12T20:52:23.096Z""
85	18	user_152	5	Archaeological and natural wonder	The ancient Akrotiri ruins provided fascinating glimpse into Minoan civilization. Red and black sand beaches were unique and beautiful. The volcanic landscape created dramatic backdrops for every activity. Local wine made from volcanic soil grapes had distinctive mineral flavors.	""2024-05-18T00:00:00.000Z""	""2025-06-12T20:52:23.096Z""	""2025-06-12T20:52:23.096Z""
86	19	user_153	5	Royal heritage immersion	Staying in converted palace hotels felt like living as maharajas. The intricate architecture and artwork in each palace told stories of royal history. Camel safaris in Thar Desert provided adventure contrast to palace luxury. Traditional Rajasthani cuisine with rich spices and flavors was exceptional.	""2024-02-15T00:00:00.000Z""	""2025-06-12T20:52:23.096Z""	""2025-06-12T20:52:23.096Z""
87	19	user_154	4	Incredible architecture and history	The craftsmanship in palace details - mirror work, frescoes, and carved marble - was breathtaking. Local guides shared fascinating stories of royal families and political intrigue. Colorful bazaars offered beautiful textiles, jewelry, and handicrafts. Elephant rides felt appropriately regal.	""2024-01-20T00:00:00.000Z""	""2025-06-12T20:52:23.096Z""	""2025-06-12T20:52:23.096Z""
88	19	user_155	4	Cultural immersion paradise	Folk dance performances and traditional music provided entertaining cultural education. Visiting rural villages showed authentic daily life beyond tourist areas. Block printing and textile workshops allowed hands-on learning of traditional crafts. Henna painting was a fun cultural experience.	""2024-03-10T00:00:00.000Z""	""2025-06-12T20:52:23.096Z""	""2025-06-12T20:52:23.096Z""
89	19	user_156	3	Hot and crowded	The heat during our April visit was intense, making midday sightseeing uncomfortable. Popular palaces were very crowded with tour groups. However, early morning and late afternoon visits provided better experiences. Air-conditioned palace hotels were welcome retreats.	""2024-04-08T00:00:00.000Z""	""2025-06-12T20:52:23.096Z""	""2025-06-12T20:52:23.096Z""
90	19	user_157	5	Photographer's dream destination	Every palace, street scene, and portrait opportunity was visually stunning. The golden hour lighting on sandstone architecture was magical. Local people were gracious about photography when approached respectfully. Traditional festivals during our visit added vibrant colors and celebrations.	""2024-12-22T00:00:00.000Z""	""2025-06-12T20:52:23.096Z""	""2025-06-12T20:52:23.096Z""
101	22	user_168	5	Dramatic Highland landscapes	The rugged beauty of the Highlands exceeded all expectations. Loch Katrine and Loch Lomond provided stunning reflections of surrounding mountains. Whisky distillery tours combined education with delicious tastings. Historic castles perched on clifftops created fairy-tale scenes.	""2024-08-20T00:00:00.000Z""	""2025-06-12T20:52:52.662Z""	""2025-06-12T20:52:52.662Z""
102	22	user_169	4	Rich history and culture	Learning about clan histories and Highland traditions was fascinating. Bagpipe performances and Highland games provided authentic cultural experiences. The dramatic landscapes used in film locations were recognizable and exciting. Traditional Scottish cuisine was hearty and flavorful.	""2024-07-15T00:00:00.000Z""	""2025-06-12T20:52:52.662Z""	""2025-06-12T20:52:52.662Z""
103	22	user_170	4	Weather adds to the atmosphere	Typical Scottish weather with mist and rain actually enhanced the mysterious Highland atmosphere. Cozy pub evenings with local music were perfect after hiking days. Isle of Skye landscapes were otherworldly with dramatic rock formations and coastal views.	""2024-09-10T00:00:00.000Z""	""2025-06-12T20:52:52.662Z""	""2025-06-12T20:52:52.662Z""
185	40	user_246	3	Challenging for beginners	Some meditation and yoga sessions were more advanced than expected for beginners. However, instructors provided modifications and patient guidance. The intensity of spiritual practices required mental preparation. Overall experience was positive despite initial challenges with unfamiliar practices.	""2024-05-25T00:00:00.000Z""	""2025-06-12T20:55:44.593Z""	""2025-06-12T20:55:44.593Z""