VHXD4Iejz9LIMEXU7xhMQ025eyK6bV0G	{""user"":{""id"":""user_1749623799403_tnxksee7t"",""role"":""user"",""email"":""test@example.com"",""isActive"":true,""lastName"":""User"",""password"":""$2b$10$7UY6UqIv52zxItSpb0wchualSA301rPnWLFDoYXzcHeHR.usISMue"",""username"":""testuser123"",""createdAt"":""2025-06-11T06:36:39.548Z"",""firstName"":""Test"",""updatedAt"":""2025-06-11T06:36:39.548Z"",""lastLoginAt"":null,""profileImageUrl"":null},""cookie"":{""path"":""/"",""secure"":true,""expires"":""2025-06-18T06:36:39.605Z"",""httpOnly"":true,""originalMaxAge"":604800000}}	""2025-06-18T06:36:40.000Z""
cMQ0wxjP6-J76VSBgbWQwc8YlgIMU6ce	{""user"":{""id"":""user_1749623799403_tnxksee7t"",""role"":""user"",""email"":""test@example.com"",""isActive"":true,""lastName"":""User"",""password"":""$2b$10$7UY6UqIv52zxItSpb0wchualSA301rPnWLFDoYXzcHeHR.usISMue"",""username"":""testuser123"",""createdAt"":""2025-06-11T06:36:39.548Z"",""firstName"":""Test"",""updatedAt"":""2025-06-11T06:36:39.548Z"",""lastLoginAt"":null,""profileImageUrl"":null},""cookie"":{""path"":""/"",""secure"":true,""expires"":""2025-06-18T06:36:44.925Z"",""httpOnly"":true,""originalMaxAge"":604800000}}	""2025-06-18T06:36:45.000Z""
iTZMTBbUB3H-YirN2ve4n7PsL6kqKc88	{""user"":{""id"":""user_1749623835621_a130t3k0f"",""role"":""user"",""email"":""newuser@example.com"",""isActive"":true,""lastName"":""User"",""password"":""$2b$10$5PwZZK.qw/1ZZz62SfkY4uh8y5c2D/hKcNVs2plCpIEdVLmiWTQUm"",""username"":""newuser456"",""createdAt"":""2025-06-11T06:37:15.839Z"",""firstName"":""New"",""updatedAt"":""2025-06-11T06:37:15.839Z"",""lastLoginAt"":null,""profileImageUrl"":null},""cookie"":{""path"":""/"",""secure"":true,""expires"":""2025-06-18T06:37:15.896Z"",""httpOnly"":true,""originalMaxAge"":604800000}}	""2025-06-18T06:37:16.000Z""
1VHU26DnZxeklA29xm_OdGixkx-n0Mw3	{""user"":{""id"":""user_1749623835621_a130t3k0f"",""role"":""user"",""email"":""newuser@example.com"",""isActive"":true,""lastName"":""User"",""password"":""$2b$10$5PwZZK.qw/1ZZz62SfkY4uh8y5c2D/hKcNVs2plCpIEdVLmiWTQUm"",""username"":""newuser456"",""createdAt"":""2025-06-11T06:37:15.839Z"",""firstName"":""New"",""updatedAt"":""2025-06-11T06:37:15.839Z"",""lastLoginAt"":null,""profileImageUrl"":null},""cookie"":{""path"":""/"",""secure"":true,""expires"":""2025-06-18T06:37:20.878Z"",""httpOnly"":true,""originalMaxAge"":604800000}}	""2025-06-18T06:37:21.000Z""
nSash5iPVaJsM__EsgGE7c5WCMgBI-zB	{""user"":{""id"":""user_1749637478634_6ipp25oim"",""role"":""user"",""email"":""test1749637478@example.com"",""isActive"":true,""lastName"":""User"",""password"":""$2b$10$R87s4aEmkrBj4v1vIQw8F.hZLHxq8OqbrIuQqRf4bkqewTfHC66ly"",""username"":""testuser1749637478"",""createdAt"":""2025-06-11T10:24:38.775Z"",""firstName"":""Test"",""updatedAt"":""2025-06-11T10:24:38.775Z"",""lastLoginAt"":null,""profileImageUrl"":null},""cookie"":{""path"":""/"",""secure"":true,""expires"":""2025-06-18T10:24:38.832Z"",""httpOnly"":true,""originalMaxAge"":604800000}}	""2025-06-18T10:24:39.000Z""
k5unzu8f3I7G3bclC4Tf6UV2YAcj2xm9	{""user"":{""id"":""user_1749637478634_6ipp25oim"",""role"":""user"",""email"":""test1749637478@example.com"",""isActive"":true,""lastName"":""User"",""password"":""$2b$10$R87s4aEmkrBj4v1vIQw8F.hZLHxq8OqbrIuQqRf4bkqewTfHC66ly"",""username"":""testuser1749637478"",""createdAt"":""2025-06-11T10:24:38.775Z"",""firstName"":""Test"",""updatedAt"":""2025-06-11T10:24:38.775Z"",""lastLoginAt"":null,""profileImageUrl"":null},""cookie"":{""path"":""/"",""secure"":true,""expires"":""2025-06-18T10:25:05.070Z"",""httpOnly"":true,""originalMaxAge"":604800000}}	""2025-06-18T10:25:06.000Z""
W7qyzQ3Qom52u6z4u0jUaBjSX1eaM-91	{""user"":{""id"":""admin_user"",""role"":""admin"",""email"":""admin@travelex.com"",""isActive"":true,""lastName"":""User"",""password"":""$2b$10$ziXZEwdcX.QIGqiegqX0peRXZzqv1VwZC.XRYFxord5IcuC4N6thW"",""username"":""admin"",""createdAt"":""2025-06-11T06:31:45.301Z"",""firstName"":""Admin"",""updatedAt"":""2025-06-11T06:31:45.301Z"",""lastLoginAt"":""2025-06-11T09:01:39.769Z"",""profileImageUrl"":null},""cookie"":{""path"":""/"",""secure"":true,""expires"":""2025-06-18T09:05:03.533Z"",""httpOnly"":true,""originalMaxAge"":604800000}}	""2025-06-18T12:08:13.000Z""
GpJcXanncdF5Nm9A3ck9vRJlDdvT43HM	{""user"":{""id"":""user_1749637478634_6ipp25oim"",""role"":""user"",""email"":""test1749637478@example.com"",""isActive"":true,""lastName"":""User"",""password"":""$2b$10$R87s4aEmkrBj4v1vIQw8F.hZLHxq8OqbrIuQqRf4bkqewTfHC66ly"",""username"":""testuser1749637478"",""createdAt"":""2025-06-11T10:24:38.775Z"",""firstName"":""Test"",""updatedAt"":""2025-06-11T10:24:38.775Z"",""lastLoginAt"":""2025-06-11T10:25:04.968Z"",""profileImageUrl"":null},""cookie"":{""path"":""/"",""secure"":true,""expires"":""2025-06-18T10:25:34.009Z"",""httpOnly"":true,""originalMaxAge"":604800000}}	""2025-06-18T10:25:35.000Z""
TWFTwx_RyxAsB_mnV5WIVnX5AI538NEM	{""user"":{""id"":""user_1749624309712_vfu0k7zoy"",""role"":""user"",""email"":""testflow@example.com"",""isActive"":true,""lastName"":""Flow"",""password"":""$2b$10$eHWNFjcHlulERftOrocapuUxwTbB3j48OCl3y26eQh20defAvXQOy"",""username"":""testflow123"",""createdAt"":""2025-06-11T06:45:09.868Z"",""firstName"":""Test"",""updatedAt"":""2025-06-11T06:45:09.868Z"",""lastLoginAt"":null,""profileImageUrl"":null},""cookie"":{""path"":""/"",""secure"":true,""expires"":""2025-06-18T06:45:09.927Z"",""httpOnly"":true,""originalMaxAge"":604800000}}	""2025-06-18T06:45:10.000Z""
Crd8lmloPV8igVUrdLcxLQSWtGkp19vu	{""user"":{""id"":""user_1749624309712_vfu0k7zoy"",""role"":""user"",""email"":""testflow@example.com"",""isActive"":true,""lastName"":""Flow"",""password"":""$2b$10$eHWNFjcHlulERftOrocapuUxwTbB3j48OCl3y26eQh20defAvXQOy"",""username"":""testflow123"",""createdAt"":""2025-06-11T06:45:09.868Z"",""firstName"":""Test"",""updatedAt"":""2025-06-11T06:45:09.868Z"",""lastLoginAt"":null,""profileImageUrl"":null},""cookie"":{""path"":""/"",""secure"":true,""expires"":""2025-06-18T06:45:16.961Z"",""httpOnly"":true,""originalMaxAge"":604800000}}	""2025-06-18T06:45:17.000Z""
5GnMVeAvDs7j_IxtOvU4mLfBZjkGGzRq	{""user"":{""id"":""admin_user"",""role"":""admin"",""email"":""admin@travelex.com"",""isActive"":true,""lastName"":""User"",""password"":""$2b$10$ziXZEwdcX.QIGqiegqX0peRXZzqv1VwZC.XRYFxord5IcuC4N6thW"",""username"":""admin"",""createdAt"":""2025-06-11T06:31:45.301Z"",""firstName"":""Admin"",""updatedAt"":""2025-06-11T06:31:45.301Z"",""lastLoginAt"":""2025-06-12T08:33:15.469Z"",""profileImageUrl"":null},""cookie"":{""path"":""/"",""secure"":false,""expires"":""2025-06-19T08:59:49.702Z"",""httpOnly"":true,""originalMaxAge"":604800000}}	""2025-06-19T09:09:23.000Z""
GhUE0twbtRKqwvJgI2ycaZoWo0RtS2Za	{""cookie"":{""path"":""/"",""secure"":true,""expires"":""2025-06-18T06:50:31.401Z"",""httpOnly"":true,""originalMaxAge"":604800000}}	""2025-06-18T08:54:30.000Z""
wV8kECH8cBXUiT_KFSaOIFddBul_m1_-	{""cookie"":{""path"":""/"",""secure"":true,""expires"":""2025-06-18T10:21:41.899Z"",""httpOnly"":true,""originalMaxAge"":604800000}}	""2025-06-18T10:22:31.000Z""
qE_6e4ivbZ2GVg_5l1IIIz9Zu9eYwslY	{""user"":{""id"":""user_1749637478634_6ipp25oim"",""role"":""user"",""email"":""test1749637478@example.com"",""isActive"":true,""lastName"":""User"",""password"":""$2b$10$R87s4aEmkrBj4v1vIQw8F.hZLHxq8OqbrIuQqRf4bkqewTfHC66ly"",""username"":""testuser1749637478"",""createdAt"":""2025-06-11T10:24:38.775Z"",""firstName"":""Test"",""updatedAt"":""2025-06-11T10:24:38.775Z"",""lastLoginAt"":""2025-06-11T10:25:33.906Z"",""profileImageUrl"":null},""cookie"":{""path"":""/"",""secure"":false,""expires"":""2025-06-18T10:26:23.499Z"",""httpOnly"":true,""originalMaxAge"":604800000}}	""2025-06-18T10:26:35.000Z""
jMUZ1yMveqRJtqItcrswZ5w3dmW9EaIW	{""user"":{""id"":""admin_user"",""role"":""admin"",""email"":""admin@travelex.com"",""isActive"":true,""lastName"":""User"",""password"":""$2b$10$ziXZEwdcX.QIGqiegqX0peRXZzqv1VwZC.XRYFxord5IcuC4N6thW"",""username"":""admin"",""createdAt"":""2025-06-11T06:31:45.301Z"",""firstName"":""Admin"",""updatedAt"":""2025-06-11T06:31:45.301Z"",""lastLoginAt"":""2025-06-11T10:50:50.175Z"",""profileImageUrl"":null},""cookie"":{""path"":""/"",""secure"":false,""expires"":""2025-06-18T11:24:53.208Z"",""httpOnly"":true,""originalMaxAge"":604800000}}	""2025-06-18T11:25:44.000Z""
tG-YPUOEYX03hcjfYeMMJbQFjmcDnqzT	{""user"":{""id"":""admin_user"",""role"":""admin"",""email"":""admin@travelex.com"",""isActive"":true,""lastName"":""User"",""password"":""$2b$10$ziXZEwdcX.QIGqiegqX0peRXZzqv1VwZC.XRYFxord5IcuC4N6thW"",""username"":""admin"",""createdAt"":""2025-06-11T06:31:45.301Z"",""firstName"":""Admin"",""updatedAt"":""2025-06-11T06:31:45.301Z"",""lastLoginAt"":""2025-06-12T03:37:09.631Z"",""profileImageUrl"":null},""cookie"":{""path"":""/"",""secure"":false,""expires"":""2025-06-19T03:51:14.415Z"",""httpOnly"":true,""originalMaxAge"":604800000}}	""2025-06-19T03:54:38.000Z""
h_Hi5_qKaB8meK8aCE2WB2XZqdMY4AYV	{""user"":{""id"":""admin_user"",""role"":""admin"",""email"":""admin@travelex.com"",""isActive"":true,""lastName"":""User"",""password"":""$2b$10$ziXZEwdcX.QIGqiegqX0peRXZzqv1VwZC.XRYFxord5IcuC4N6thW"",""username"":""admin"",""createdAt"":""2025-06-11T06:31:45.301Z"",""firstName"":""Admin"",""updatedAt"":""2025-06-11T06:31:45.301Z"",""lastLoginAt"":""2025-06-11T20:27:15.312Z"",""profileImageUrl"":null},""cookie"":{""path"":""/"",""secure"":false,""expires"":""2025-06-18T20:30:03.711Z"",""httpOnly"":true,""originalMaxAge"":604800000}}	""2025-06-18T20:30:20.000Z""
9txK-13gGWii6INM8ydxHGC7x7EwhXvh	{""user"":{""id"":""admin_user"",""role"":""admin"",""email"":""admin@travelex.com"",""isActive"":true,""lastName"":""User"",""password"":""$2b$10$ziXZEwdcX.QIGqiegqX0peRXZzqv1VwZC.XRYFxord5IcuC4N6thW"",""username"":""admin"",""createdAt"":""2025-06-11T06:31:45.301Z"",""firstName"":""Admin"",""updatedAt"":""2025-06-11T06:31:45.301Z"",""lastLoginAt"":""2025-06-12T09:33:37.432Z"",""profileImageUrl"":null},""cookie"":{""path"":""/"",""secure"":false,""expires"":""2025-06-19T09:41:28.399Z"",""httpOnly"":true,""originalMaxAge"":604800000}}	""2025-06-19T11:56:24.000Z""
Z5rBsAgOmlmIRDDu6okj8BZ1NgZ3xSh8	{""user"":{""id"":""admin_user"",""role"":""admin"",""email"":""admin@travelex.com"",""isActive"":true,""lastName"":""User"",""password"":""$2b$10$ziXZEwdcX.QIGqiegqX0peRXZzqv1VwZC.XRYFxord5IcuC4N6thW"",""username"":""admin"",""createdAt"":""2025-06-11T06:31:45.301Z"",""firstName"":""Admin"",""updatedAt"":""2025-06-11T06:31:45.301Z"",""lastLoginAt"":""2025-06-12T02:58:04.447Z"",""profileImageUrl"":null},""cookie"":{""path"":""/"",""secure"":false,""expires"":""2025-06-19T03:37:09.775Z"",""httpOnly"":true,""originalMaxAge"":604800000}}	""2025-06-19T04:00:49.000Z""
80IsV5yT86gdnO1Z9G3wn0RrJoSQtKG_	{""user"":{""id"":""admin_user"",""role"":""admin"",""email"":""admin@travelex.com"",""isActive"":true,""lastName"":""User"",""password"":""$2b$10$ziXZEwdcX.QIGqiegqX0peRXZzqv1VwZC.XRYFxord5IcuC4N6thW"",""username"":""admin"",""createdAt"":""2025-06-11T06:31:45.301Z"",""firstName"":""Admin"",""updatedAt"":""2025-06-11T06:31:45.301Z"",""lastLoginAt"":""2025-06-11T20:45:12.756Z"",""profileImageUrl"":null},""cookie"":{""path"":""/"",""secure"":false,""expires"":""2025-06-18T20:45:25.928Z"",""httpOnly"":true,""originalMaxAge"":604800000}}	""2025-06-19T00:06:19.000Z""
sO5ALKXoJF6WN7qO127KsbuTr4yi5ckq	{""user"":{""id"":""admin_user"",""role"":""admin"",""email"":""admin@travelex.com"",""isActive"":true,""lastName"":""User"",""password"":""$2b$10$ziXZEwdcX.QIGqiegqX0peRXZzqv1VwZC.XRYFxord5IcuC4N6thW"",""username"":""admin"",""createdAt"":""2025-06-11T06:31:45.301Z"",""firstName"":""Admin"",""updatedAt"":""2025-06-11T06:31:45.301Z"",""lastLoginAt"":""2025-06-12T04:47:55.450Z"",""profileImageUrl"":null},""cookie"":{""path"":""/"",""secure"":false,""expires"":""2025-06-19T06:43:14.142Z"",""httpOnly"":true,""originalMaxAge"":604800000}}	""2025-06-19T06:51:27.000Z""
6cSXVvUj9SNeU48AWYrbMmfDEqys2SdN	{""user"":{""id"":""admin_user"",""role"":""admin"",""email"":""admin@travelex.com"",""isActive"":true,""lastName"":""User"",""password"":""$2b$10$ziXZEwdcX.QIGqiegqX0peRXZzqv1VwZC.XRYFxord5IcuC4N6thW"",""username"":""admin"",""createdAt"":""2025-06-11T06:31:45.301Z"",""firstName"":""Admin"",""updatedAt"":""2025-06-11T06:31:45.301Z"",""lastLoginAt"":""2025-06-11T21:06:37.403Z"",""profileImageUrl"":null},""cookie"":{""path"":""/"",""secure"":false,""expires"":""2025-06-19T01:34:59.922Z"",""httpOnly"":true,""originalMaxAge"":604800000}}	""2025-06-19T01:54:29.000Z""
DAsvSHr7JLTYiT5oTqIkQji5Y4hpCrUG	{""user"":{""id"":""admin_user"",""role"":""admin"",""email"":""admin@travelex.com"",""isActive"":true,""lastName"":""User"",""password"":""$2b$10$ziXZEwdcX.QIGqiegqX0peRXZzqv1VwZC.XRYFxord5IcuC4N6thW"",""username"":""admin"",""createdAt"":""2025-06-11T06:31:45.301Z"",""firstName"":""Admin"",""updatedAt"":""2025-06-11T06:31:45.301Z"",""lastLoginAt"":""2025-06-11T20:45:25.818Z"",""profileImageUrl"":null},""cookie"":{""path"":""/"",""secure"":false,""expires"":""2025-06-18T21:06:37.508Z"",""httpOnly"":true,""originalMaxAge"":604800000}}	""2025-06-19T02:07:25.000Z""
YJqCvJAcfXcHfaR3ON-IQ-2IT38LHZAv	{""user"":{""id"":""admin_user"",""role"":""admin"",""email"":""admin@travelex.com"",""isActive"":true,""lastName"":""User"",""password"":""$2b$10$ziXZEwdcX.QIGqiegqX0peRXZzqv1VwZC.XRYFxord5IcuC4N6thW"",""username"":""admin"",""createdAt"":""2025-06-11T06:31:45.301Z"",""firstName"":""Admin"",""updatedAt"":""2025-06-11T06:31:45.301Z"",""lastLoginAt"":""2025-06-12T02:54:00.737Z"",""profileImageUrl"":null},""cookie"":{""path"":""/"",""secure"":false,""expires"":""2025-06-19T02:58:04.589Z"",""httpOnly"":true,""originalMaxAge"":604800000}}	""2025-06-19T04:31:31.000Z""
8iJpCT8hhsH9o_4d0V16xmXnTiI-xwMh	{""user"":{""id"":""admin_user"",""role"":""admin"",""email"":""admin@travelex.com"",""isActive"":true,""lastName"":""User"",""password"":""$2b$10$ziXZEwdcX.QIGqiegqX0peRXZzqv1VwZC.XRYFxord5IcuC4N6thW"",""username"":""admin"",""createdAt"":""2025-06-11T06:31:45.301Z"",""firstName"":""Admin"",""updatedAt"":""2025-06-11T06:31:45.301Z"",""lastLoginAt"":""2025-06-11T10:31:43.921Z"",""profileImageUrl"":null},""cookie"":{""path"":""/"",""secure"":false,""expires"":""2025-06-18T10:31:58.672Z"",""httpOnly"":true,""originalMaxAge"":604800000}}	""2025-06-18T21:32:06.000Z""
baiAZxpFIHCjcPQTKLIvCjuzDyrYmGsW	{""user"":{""id"":""admin_user"",""role"":""admin"",""email"":""admin@travelex.com"",""isActive"":true,""lastName"":""User"",""password"":""$2b$10$yf1QrULg74dPVuQP1VV1Qux2gSmxADRiG3ZHBwADJwrjYL6V9eOWa"",""username"":""admin"",""createdAt"":""2025-06-11T06:31:45.301Z"",""firstName"":""Admin"",""updatedAt"":""2025-06-11T06:31:45.301Z"",""lastLoginAt"":""2025-06-12T22:26:36.616Z"",""profileImageUrl"":null},""cookie"":{""path"":""/"",""secure"":false,""expires"":""2025-06-20T00:37:43.372Z"",""httpOnly"":true,""originalMaxAge"":604800000}}	""2025-06-20T00:38:00.000Z""
C1Ks6bm6reDEFvP7ENt4DvWUlUWeJJwV	{""user"":{""id"":""admin_user"",""role"":""admin"",""email"":""admin@travelex.com"",""isActive"":true,""lastName"":""User"",""password"":""$2b$10$ziXZEwdcX.QIGqiegqX0peRXZzqv1VwZC.XRYFxord5IcuC4N6thW"",""username"":""admin"",""createdAt"":""2025-06-11T06:31:45.301Z"",""firstName"":""Admin"",""updatedAt"":""2025-06-11T06:31:45.301Z"",""lastLoginAt"":""2025-06-12T06:55:50.431Z"",""profileImageUrl"":null},""cookie"":{""path"":""/"",""secure"":false,""expires"":""2025-06-19T06:56:15.497Z"",""httpOnly"":true,""originalMaxAge"":604800000}}	""2025-06-19T20:32:37.000Z""
XQOREC_JPy2w-E9iZQgDPL1HAYJxaYm2	{""user"":{""id"":""admin_user"",""role"":""admin"",""email"":""admin@travelex.com"",""isActive"":true,""lastName"":""User"",""password"":""$2b$10$ziXZEwdcX.QIGqiegqX0peRXZzqv1VwZC.XRYFxord5IcuC4N6thW"",""username"":""admin"",""createdAt"":""2025-06-11T06:31:45.301Z"",""firstName"":""Admin"",""updatedAt"":""2025-06-11T06:31:45.301Z"",""lastLoginAt"":""2025-06-12T04:12:33.268Z"",""profileImageUrl"":null},""cookie"":{""path"":""/"",""secure"":false,""expires"":""2025-06-19T04:27:25.262Z"",""httpOnly"":true,""originalMaxAge"":604800000}}	""2025-06-19T09:37:21.000Z""
CngFC5ld3a_QU7CBiJcny5kPGSXMsHib	{""user"":{""id"":""admin_user"",""role"":""admin"",""email"":""admin@travelex.com"",""isActive"":true,""lastName"":""User"",""password"":""$2b$10$ziXZEwdcX.QIGqiegqX0peRXZzqv1VwZC.XRYFxord5IcuC4N6thW"",""username"":""admin"",""createdAt"":""2025-06-11T06:31:45.301Z"",""firstName"":""Admin"",""updatedAt"":""2025-06-11T06:31:45.301Z"",""lastLoginAt"":""2025-06-12T04:44:02.137Z"",""profileImageUrl"":null},""cookie"":{""path"":""/"",""secure"":false,""expires"":""2025-06-19T04:47:55.572Z"",""httpOnly"":true,""originalMaxAge"":604800000}}	""2025-06-19T05:03:09.000Z""
EuUGC_dUuiR0rJ5tyDaXgZRg2SETsGaK	{""user"":{""id"":""admin_user"",""role"":""admin"",""email"":""admin@travelex.com"",""isActive"":true,""lastName"":""User"",""password"":""$2b$10$ziXZEwdcX.QIGqiegqX0peRXZzqv1VwZC.XRYFxord5IcuC4N6thW"",""username"":""admin"",""createdAt"":""2025-06-11T06:31:45.301Z"",""firstName"":""Admin"",""updatedAt"":""2025-06-11T06:31:45.301Z"",""lastLoginAt"":""2025-06-12T06:56:15.378Z"",""profileImageUrl"":null},""cookie"":{""path"":""/"",""secure"":false,""expires"":""2025-06-19T08:33:15.591Z"",""httpOnly"":true,""originalMaxAge"":604800000}}	""2025-06-19T10:05:21.000Z""
TYB_G-4V3u97QtHMO51GBZoJZqCyC7MM	{""user"":{""id"":""admin_user"",""role"":""admin"",""email"":""admin@travelex.com"",""isActive"":true,""lastName"":""User"",""password"":""$2b$10$ziXZEwdcX.QIGqiegqX0peRXZzqv1VwZC.XRYFxord5IcuC4N6thW"",""username"":""admin"",""createdAt"":""2025-06-11T06:31:45.301Z"",""firstName"":""Admin"",""updatedAt"":""2025-06-11T06:31:45.301Z"",""lastLoginAt"":""2025-06-11T20:30:03.607Z"",""profileImageUrl"":null},""cookie"":{""path"":""/"",""secure"":false,""expires"":""2025-06-18T20:30:41.853Z"",""httpOnly"":true,""originalMaxAge"":604800000}}	""2025-06-18T20:36:18.000Z""
KO4MF82-R2C1LxivFRi18GuGy92h1r0Q	{""user"":{""id"":""admin_user"",""role"":""admin"",""email"":""admin@travelex.com"",""isActive"":true,""lastName"":""User"",""password"":""$2b$10$ziXZEwdcX.QIGqiegqX0peRXZzqv1VwZC.XRYFxord5IcuC4N6thW"",""username"":""admin"",""createdAt"":""2025-06-11T06:31:45.301Z"",""firstName"":""Admin"",""updatedAt"":""2025-06-11T06:31:45.301Z"",""lastLoginAt"":""2025-06-12T08:59:49.587Z"",""profileImageUrl"":null},""cookie"":{""path"":""/"",""secure"":false,""expires"":""2025-06-19T09:33:37.584Z"",""httpOnly"":true,""originalMaxAge"":604800000}}	""2025-06-19T20:40:50.000Z""
bLKZoWoGaZu6ZJVVOx65NcnUVRPZR-xz	{""user"":{""id"":""admin_user"",""role"":""admin"",""email"":""admin@travelex.com"",""isActive"":true,""lastName"":""User"",""password"":""$2b$10$ziXZEwdcX.QIGqiegqX0peRXZzqv1VwZC.XRYFxord5IcuC4N6thW"",""username"":""admin"",""createdAt"":""2025-06-11T06:31:45.301Z"",""firstName"":""Admin"",""updatedAt"":""2025-06-11T06:31:45.301Z"",""lastLoginAt"":""2025-06-11T11:24:53.102Z"",""profileImageUrl"":null},""cookie"":{""path"":""/"",""secure"":false,""expires"":""2025-06-18T11:27:21.695Z"",""httpOnly"":true,""originalMaxAge"":604800000}}	""2025-06-18T20:31:06.000Z""
ddTYF82jrf9wvBphqQZsPLUFaFyhxfCE	{""user"":{""id"":""admin_user"",""role"":""admin"",""email"":""admin@travelex.com"",""isActive"":true,""lastName"":""User"",""password"":""$2b$10$ziXZEwdcX.QIGqiegqX0peRXZzqv1VwZC.XRYFxord5IcuC4N6thW"",""username"":""admin"",""createdAt"":""2025-06-11T06:31:45.301Z"",""firstName"":""Admin"",""updatedAt"":""2025-06-11T06:31:45.301Z"",""lastLoginAt"":""2025-06-12T01:34:59.810Z"",""profileImageUrl"":null},""cookie"":{""path"":""/"",""secure"":false,""expires"":""2025-06-19T02:14:28.617Z"",""httpOnly"":true,""originalMaxAge"":604800000}}	""2025-06-19T02:30:27.000Z""
NTRcwRYILfs58rkwt8EuZZq19Q8X8UWT	{""user"":{""id"":""user_1749724821468_chcoxx1oi"",""role"":""user"",""email"":""bonege9796@2mik.com"",""isActive"":true,""lastName"":""sabbella"",""password"":""$2b$10$ZHUMzXXPEnftzS3/2K8PYu83mLSEd/vlvv9I1RtmR/d.Uk1i8mGzO"",""username"":""sai"",""createdAt"":""2025-06-12T10:40:21.720Z"",""firstName"":""sai"",""updatedAt"":""2025-06-12T10:40:21.720Z"",""lastLoginAt"":null,""profileImageUrl"":null},""cookie"":{""path"":""/"",""secure"":false,""expires"":""2025-06-19T10:40:21.807Z"",""httpOnly"":true,""originalMaxAge"":604800000}}	""2025-06-19T10:46:14.000Z""
nVUfVTTnx2F7BX8iTzeT-ktvJr7KeVgi	{""user"":{""id"":""admin_user"",""role"":""admin"",""email"":""admin@travelex.com"",""isActive"":true,""lastName"":""User"",""password"":""$2b$10$ziXZEwdcX.QIGqiegqX0peRXZzqv1VwZC.XRYFxord5IcuC4N6thW"",""username"":""admin"",""createdAt"":""2025-06-11T06:31:45.301Z"",""firstName"":""Admin"",""updatedAt"":""2025-06-11T06:31:45.301Z"",""lastLoginAt"":""2025-06-12T10:13:39.125Z"",""profileImageUrl"":null},""cookie"":{""path"":""/"",""secure"":false,""expires"":""2025-06-19T10:50:43.094Z"",""httpOnly"":true,""originalMaxAge"":604800000}}	""2025-06-19T22:34:43.000Z""
HQZTQ_tQrFnKFMfpduMHOsHjXf1_rxZS	{""user"":{""id"":""admin_user"",""role"":""admin"",""email"":""admin@travelex.com"",""isActive"":true,""lastName"":""User"",""password"":""$2b$10$ziXZEwdcX.QIGqiegqX0peRXZzqv1VwZC.XRYFxord5IcuC4N6thW"",""username"":""admin"",""createdAt"":""2025-06-11T06:31:45.301Z"",""firstName"":""Admin"",""updatedAt"":""2025-06-11T06:31:45.301Z"",""lastLoginAt"":""2025-06-11T10:38:21.292Z"",""profileImageUrl"":null},""cookie"":{""path"":""/"",""secure"":false,""expires"":""2025-06-18T10:38:31.483Z"",""httpOnly"":true,""originalMaxAge"":604800000}}	""2025-06-18T10:39:03.000Z""
SZY2omsoOb68IgD5cH-3GC8Ohv6b6wEd	{""user"":{""id"":""admin_user"",""role"":""admin"",""email"":""admin@travelex.com"",""isActive"":true,""lastName"":""User"",""password"":""$2b$10$ziXZEwdcX.QIGqiegqX0peRXZzqv1VwZC.XRYFxord5IcuC4N6thW"",""username"":""admin"",""createdAt"":""2025-06-11T06:31:45.301Z"",""firstName"":""Admin"",""updatedAt"":""2025-06-11T06:31:45.301Z"",""lastLoginAt"":""2025-06-12T20:44:32.073Z"",""profileImageUrl"":null},""cookie"":{""path"":""/"",""secure"":false,""expires"":""2025-06-19T21:04:12.960Z"",""httpOnly"":true,""originalMaxAge"":604800000}}	""2025-06-19T21:11:28.000Z""
wJUyP-5fXKzrVKVWmtBAlSGvuA-BOAlH	{""user"":{""id"":""admin_user"",""role"":""admin"",""email"":""admin@travelex.com"",""isActive"":true,""lastName"":""User"",""password"":""$2b$10$ziXZEwdcX.QIGqiegqX0peRXZzqv1VwZC.XRYFxord5IcuC4N6thW"",""username"":""admin"",""createdAt"":""2025-06-11T06:31:45.301Z"",""firstName"":""Admin"",""updatedAt"":""2025-06-11T06:31:45.301Z"",""lastLoginAt"":""2025-06-12T04:27:25.154Z"",""profileImageUrl"":null},""cookie"":{""path"":""/"",""secure"":false,""expires"":""2025-06-19T04:44:02.244Z"",""httpOnly"":true,""originalMaxAge"":604800000}}	""2025-06-19T06:53:50.000Z""
fRJ7497zrlmRxngQ18-gLZr70AA0nSw8	{""user"":{""id"":""admin_user"",""role"":""admin"",""email"":""admin@travelex.com"",""isActive"":true,""lastName"":""User"",""password"":""$2b$10$yf1QrULg74dPVuQP1VV1Qux2gSmxADRiG3ZHBwADJwrjYL6V9eOWa"",""username"":""admin"",""createdAt"":""2025-06-11T06:31:45.301Z"",""firstName"":""Admin"",""updatedAt"":""2025-06-11T06:31:45.301Z"",""lastLoginAt"":""2025-06-14T00:44:39.193Z"",""profileImageUrl"":null},""cookie"":{""path"":""/"",""secure"":false,""expires"":""2025-06-21T02:13:16.471Z"",""httpOnly"":true,""originalMaxAge"":604800000}}	""2025-06-21T10:59:16.000Z""
1tgGD0Vxv4ndC9aSebPH9NVD17Zk-2jM	{""user"":{""id"":""admin_user"",""role"":""admin"",""email"":""admin@travelex.com"",""isActive"":true,""lastName"":""User"",""password"":""$2b$10$yf1QrULg74dPVuQP1VV1Qux2gSmxADRiG3ZHBwADJwrjYL6V9eOWa"",""username"":""admin"",""createdAt"":""2025-06-11T06:31:45.301Z"",""firstName"":""Admin"",""updatedAt"":""2025-06-11T06:31:45.301Z"",""lastLoginAt"":""2025-06-14T21:00:46.928Z"",""profileImageUrl"":null},""cookie"":{""path"":""/"",""secure"":false,""expires"":""2025-06-22T00:29:11.103Z"",""httpOnly"":true,""originalMaxAge"":604800000}}	""2025-06-22T08:01:16.000Z""
pLavi4nxdfNfox5WJnT8i90bR_6Oo7_z	{""user"":{""id"":""admin_user"",""role"":""admin"",""email"":""admin@travelex.com"",""isActive"":true,""lastName"":""User"",""password"":""$2b$10$yf1QrULg74dPVuQP1VV1Qux2gSmxADRiG3ZHBwADJwrjYL6V9eOWa"",""username"":""admin"",""createdAt"":""2025-06-11T06:31:45.301Z"",""firstName"":""Admin"",""updatedAt"":""2025-06-11T06:31:45.301Z"",""lastLoginAt"":""2025-06-13T00:44:40.895Z"",""profileImageUrl"":null},""cookie"":{""path"":""/"",""secure"":false,""expires"":""2025-06-20T01:01:26.579Z"",""httpOnly"":true,""originalMaxAge"":604800000}}	""2025-06-20T08:19:28.000Z""
HAdt8DmpENYUX41qkAfuwveFo8Ks5Hl-	{""user"":{""id"":""admin_user"",""role"":""admin"",""email"":""admin@travelex.com"",""isActive"":true,""lastName"":""User"",""password"":""$2b$10$ziXZEwdcX.QIGqiegqX0peRXZzqv1VwZC.XRYFxord5IcuC4N6thW"",""username"":""admin"",""createdAt"":""2025-06-11T06:31:45.301Z"",""firstName"":""Admin"",""updatedAt"":""2025-06-11T06:31:45.301Z"",""lastLoginAt"":""2025-06-12T09:41:28.246Z"",""profileImageUrl"":null},""cookie"":{""path"":""/"",""secure"":false,""expires"":""2025-06-19T10:13:39.276Z"",""httpOnly"":true,""originalMaxAge"":604800000}}	""2025-06-19T11:56:57.000Z""
Y93hgaEAUgD8QpyCchO_To2TSNtsUksF	{""user"":{""id"":""admin_user"",""role"":""admin"",""email"":""admin@travelex.com"",""isActive"":true,""lastName"":""User"",""password"":""$2b$10$ziXZEwdcX.QIGqiegqX0peRXZzqv1VwZC.XRYFxord5IcuC4N6thW"",""username"":""admin"",""createdAt"":""2025-06-11T06:31:45.301Z"",""firstName"":""Admin"",""updatedAt"":""2025-06-11T06:31:45.301Z"",""lastLoginAt"":""2025-06-12T10:50:42.968Z"",""profileImageUrl"":null},""cookie"":{""path"":""/"",""secure"":false,""expires"":""2025-06-19T20:44:32.186Z"",""httpOnly"":true,""originalMaxAge"":604800000}}	""2025-06-20T00:33:08.000Z""
f460paNvyDVPVFCbAXgBB9DBdyD8vDpN	{""user"":{""id"":""admin_user"",""role"":""admin"",""email"":""admin@travelex.com"",""isActive"":true,""lastName"":""User"",""password"":""$2b$10$yf1QrULg74dPVuQP1VV1Qux2gSmxADRiG3ZHBwADJwrjYL6V9eOWa"",""username"":""admin"",""createdAt"":""2025-06-11T06:31:45.301Z"",""firstName"":""Admin"",""updatedAt"":""2025-06-11T06:31:45.301Z"",""lastLoginAt"":""2025-06-13T01:04:42.381Z"",""profileImageUrl"":null},""cookie"":{""path"":""/"",""secure"":false,""expires"":""2025-06-20T07:43:49.109Z"",""httpOnly"":true,""originalMaxAge"":604800000}}	""2025-06-20T08:27:49.000Z""
YlG44POzC7DMtaGKErWHxCXBpymrjL2A	{""user"":{""id"":""admin_user"",""role"":""admin"",""email"":""admin@travelex.com"",""isActive"":true,""lastName"":""User"",""password"":""$2b$10$yf1QrULg74dPVuQP1VV1Qux2gSmxADRiG3ZHBwADJwrjYL6V9eOWa"",""username"":""admin"",""createdAt"":""2025-06-11T06:31:45.301Z"",""firstName"":""Admin"",""updatedAt"":""2025-06-11T06:31:45.301Z"",""lastLoginAt"":""2025-06-13T00:37:43.257Z"",""profileImageUrl"":null},""cookie"":{""path"":""/"",""secure"":false,""expires"":""2025-06-20T00:44:41.048Z"",""httpOnly"":true,""originalMaxAge"":604800000}}	""2025-06-20T08:36:19.000Z""
QnthUzHgw2DQQ9Oue7DzE3awN2Rh5rZq	{""user"":{""id"":""admin_user"",""role"":""admin"",""email"":""admin@travelex.com"",""isActive"":true,""lastName"":""User"",""password"":""$2b$10$yf1QrULg74dPVuQP1VV1Qux2gSmxADRiG3ZHBwADJwrjYL6V9eOWa"",""username"":""admin"",""createdAt"":""2025-06-11T06:31:45.301Z"",""firstName"":""Admin"",""updatedAt"":""2025-06-11T06:31:45.301Z"",""lastLoginAt"":""2025-06-14T07:55:06.322Z"",""profileImageUrl"":null},""cookie"":{""path"":""/"",""secure"":false,""expires"":""2025-06-21T08:44:54.529Z"",""httpOnly"":true,""originalMaxAge"":604800000}}	""2025-06-22T07:59:26.000Z""
yj4WtXWNjQwkh5wmN9Rz6Nmh0TStJ3X6	{""user"":{""id"":""admin_user"",""role"":""admin"",""email"":""admin@travelex.com"",""isActive"":true,""lastName"":""User"",""password"":""$2b$10$yf1QrULg74dPVuQP1VV1Qux2gSmxADRiG3ZHBwADJwrjYL6V9eOWa"",""username"":""admin"",""createdAt"":""2025-06-11T06:31:45.301Z"",""firstName"":""Admin"",""updatedAt"":""2025-06-11T06:31:45.301Z"",""lastLoginAt"":""2025-06-12T22:26:35.380Z"",""profileImageUrl"":null},""cookie"":{""path"":""/"",""secure"":false,""expires"":""2025-06-19T22:26:36.728Z"",""httpOnly"":true,""originalMaxAge"":604800000}}	""2025-06-19T22:26:37.000Z""
P3qzbsoLOt70IdPrOpkmlcv8m4q1kRMG	{""user"":{""id"":""admin_user"",""role"":""admin"",""email"":""admin@travelex.com"",""isActive"":true,""lastName"":""User"",""password"":""$2b$10$yf1QrULg74dPVuQP1VV1Qux2gSmxADRiG3ZHBwADJwrjYL6V9eOWa"",""username"":""admin"",""createdAt"":""2025-06-11T06:31:45.301Z"",""firstName"":""Admin"",""updatedAt"":""2025-06-11T06:31:45.301Z"",""lastLoginAt"":""2025-06-14T07:00:55.342Z"",""profileImageUrl"":null},""cookie"":{""path"":""/"",""secure"":false,""expires"":""2025-06-21T07:28:00.120Z"",""httpOnly"":true,""originalMaxAge"":604800000}}	""2025-06-21T07:31:01.000Z""
AWabOfpETYt8ZVDfWQmdCiFnU47G7GBN	{""user"":{""id"":""admin_user"",""role"":""admin"",""email"":""admin@travelex.com"",""isActive"":true,""lastName"":""User"",""password"":""$2b$10$yf1QrULg74dPVuQP1VV1Qux2gSmxADRiG3ZHBwADJwrjYL6V9eOWa"",""username"":""admin"",""createdAt"":""2025-06-11T06:31:45.301Z"",""firstName"":""Admin"",""updatedAt"":""2025-06-11T06:31:45.301Z"",""lastLoginAt"":""2025-06-14T06:19:29.478Z"",""profileImageUrl"":null},""cookie"":{""path"":""/"",""secure"":false,""expires"":""2025-06-21T07:00:55.461Z"",""httpOnly"":true,""originalMaxAge"":604800000}}	""2025-06-22T09:27:40.000Z""
cWfh12xTALrEbFpiaAjzYv5a8vwMC_7N	{""user"":{""id"":""admin_user"",""role"":""admin"",""email"":""admin@travelex.com"",""isActive"":true,""lastName"":""User"",""password"":""$2b$10$yf1QrULg74dPVuQP1VV1Qux2gSmxADRiG3ZHBwADJwrjYL6V9eOWa"",""username"":""admin"",""createdAt"":""2025-06-11T06:31:45.301Z"",""firstName"":""Admin"",""updatedAt"":""2025-06-11T06:31:45.301Z"",""lastLoginAt"":""2025-06-13T07:43:48.962Z"",""profileImageUrl"":null},""cookie"":{""path"":""/"",""secure"":false,""expires"":""2025-06-20T07:50:07.646Z"",""httpOnly"":true,""originalMaxAge"":604800000}}	""2025-06-20T10:13:47.000Z""
m0DE_-i66daEN9akJO17lxtzDoCK9NLM	{""user"":{""id"":""admin_user"",""role"":""admin"",""email"":""admin@travelex.com"",""isActive"":true,""lastName"":""User"",""password"":""$2b$10$yf1QrULg74dPVuQP1VV1Qux2gSmxADRiG3ZHBwADJwrjYL6V9eOWa"",""username"":""admin"",""createdAt"":""2025-06-11T06:31:45.301Z"",""firstName"":""Admin"",""updatedAt"":""2025-06-11T06:31:45.301Z"",""lastLoginAt"":""2025-06-14T06:00:27.638Z"",""profileImageUrl"":null},""cookie"":{""path"":""/"",""secure"":false,""expires"":""2025-06-21T06:19:29.593Z"",""httpOnly"":true,""originalMaxAge"":604800000}}	""2025-06-21T07:18:05.000Z""
By_4-lybWlLwfiALej9nEjrtVnlm9XIL	{""user"":{""id"":""admin_user"",""role"":""admin"",""email"":""admin@travelex.com"",""isActive"":true,""lastName"":""User"",""password"":""$2b$10$ziXZEwdcX.QIGqiegqX0peRXZzqv1VwZC.XRYFxord5IcuC4N6thW"",""username"":""admin"",""createdAt"":""2025-06-11T06:31:45.301Z"",""firstName"":""Admin"",""updatedAt"":""2025-06-11T06:31:45.301Z"",""lastLoginAt"":""2025-06-11T10:38:31.378Z"",""profileImageUrl"":null},""cookie"":{""path"":""/"",""secure"":false,""expires"":""2025-06-18T10:50:50.283Z"",""httpOnly"":true,""originalMaxAge"":604800000}}	""2025-06-18T12:08:54.000Z""
WvWmAUxPS5DRx3AarDIVHbzHjaBaaH6A	{""user"":{""id"":""admin_user"",""role"":""admin"",""email"":""admin@travelex.com"",""isActive"":true,""lastName"":""User"",""password"":""$2b$10$yf1QrULg74dPVuQP1VV1Qux2gSmxADRiG3ZHBwADJwrjYL6V9eOWa"",""username"":""admin"",""createdAt"":""2025-06-11T06:31:45.301Z"",""firstName"":""Admin"",""updatedAt"":""2025-06-11T06:31:45.301Z"",""lastLoginAt"":""2025-06-12T21:04:12.841Z"",""profileImageUrl"":null},""cookie"":{""path"":""/"",""secure"":false,""expires"":""2025-06-19T22:26:35.491Z"",""httpOnly"":true,""originalMaxAge"":604800000}}	""2025-06-20T00:36:29.000Z""
pEcX43VrGBzw_2D-qPV56keVXnXwmj2z	{""user"":{""id"":""admin_user"",""role"":""admin"",""email"":""admin@travelex.com"",""isActive"":true,""lastName"":""User"",""password"":""$2b$10$yf1QrULg74dPVuQP1VV1Qux2gSmxADRiG3ZHBwADJwrjYL6V9eOWa"",""username"":""admin"",""createdAt"":""2025-06-11T06:31:45.301Z"",""firstName"":""Admin"",""updatedAt"":""2025-06-11T06:31:45.301Z"",""lastLoginAt"":""2025-06-14T07:39:00.241Z"",""profileImageUrl"":null},""cookie"":{""path"":""/"",""secure"":false,""expires"":""2025-06-21T07:55:06.432Z"",""httpOnly"":true,""originalMaxAge"":604800000}}	""2025-06-21T08:10:34.000Z""
wAa5Th7kZaCMsLl2FDB7b5hhswzhw4xO	{""user"":{""id"":""admin_user"",""role"":""admin"",""email"":""admin@travelex.com"",""isActive"":true,""lastName"":""User"",""password"":""$2b$10$yf1QrULg74dPVuQP1VV1Qux2gSmxADRiG3ZHBwADJwrjYL6V9eOWa"",""username"":""admin"",""createdAt"":""2025-06-11T06:31:45.301Z"",""firstName"":""Admin"",""updatedAt"":""2025-06-11T06:31:45.301Z"",""lastLoginAt"":""2025-06-13T01:01:26.433Z"",""profileImageUrl"":null},""cookie"":{""path"":""/"",""secure"":false,""expires"":""2025-06-20T01:04:42.496Z"",""httpOnly"":true,""originalMaxAge"":604800000}}	""2025-06-20T05:05:39.000Z""
YSPeyVhOoaA6H9qS0VvXFRD5vsqHSGNh	{""user"":{""id"":""admin_user"",""role"":""admin"",""email"":""admin@travelex.com"",""isActive"":true,""lastName"":""User"",""password"":""$2b$10$yf1QrULg74dPVuQP1VV1Qux2gSmxADRiG3ZHBwADJwrjYL6V9eOWa"",""username"":""admin"",""createdAt"":""2025-06-11T06:31:45.301Z"",""firstName"":""Admin"",""updatedAt"":""2025-06-11T06:31:45.301Z"",""lastLoginAt"":""2025-06-14T02:13:16.319Z"",""profileImageUrl"":null},""cookie"":{""path"":""/"",""secure"":false,""expires"":""2025-06-21T06:00:27.745Z"",""httpOnly"":true,""originalMaxAge"":604800000}}	""2025-06-21T06:59:04.000Z""
r_8t407aTQzDG8pJSd9mGXQVWCQLMVyB	{""user"":{""id"":""admin_user"",""role"":""admin"",""email"":""admin@travelex.com"",""isActive"":true,""lastName"":""User"",""password"":""$2b$10$yf1QrULg74dPVuQP1VV1Qux2gSmxADRiG3ZHBwADJwrjYL6V9eOWa"",""username"":""admin"",""createdAt"":""2025-06-11T06:31:45.301Z"",""firstName"":""Admin"",""updatedAt"":""2025-06-11T06:31:45.301Z"",""lastLoginAt"":""2025-06-14T07:27:59.999Z"",""profileImageUrl"":null},""cookie"":{""path"":""/"",""secure"":false,""expires"":""2025-06-21T07:39:00.364Z"",""httpOnly"":true,""originalMaxAge"":604800000}}	""2025-06-21T07:51:51.000Z""